time,x,y,altitude
0.1,6.771e+06,537.082,400
0.2,6.771e+06,1074.16,400
0.3,6.771e+06,1611.25,400
0.4,6.771e+06,2148.33,399.999
0.5,6.771e+06,2685.41,399.999
0.6,6.771e+06,3222.49,399.999
0.7,6.771e+06,3759.57,399.999
0.8,6.771e+06,4296.65,399.998
0.9,6.771e+06,4833.74,399.998
1,6.771e+06,5370.82,399.997
1.1,6.77099e+06,5907.9,399.997
1.2,6.77099e+06,6444.98,399.996
1.3,6.77099e+06,6982.06,399.996
1.4,6.77099e+06,7519.14,399.995
1.5,6.77099e+06,8056.22,399.994
1.6,6.77099e+06,8593.31,399.994
1.7,6.77099e+06,9130.39,399.993
1.8,6.77099e+06,9667.47,399.992
1.9,6.77098e+06,10204.5,399.991
2,6.77098e+06,10741.6,399.99
2.1,6.77098e+06,11278.7,399.989
2.2,6.77098e+06,11815.8,399.988
2.3,6.77098e+06,12352.9,399.987
2.4,6.77097e+06,12889.9,399.986
2.5,6.77097e+06,13427,399.985
2.6,6.77097e+06,13964.1,399.984
2.7,6.77097e+06,14501.2,399.983
2.8,6.77096e+06,15038.3,399.981
2.9,6.77096e+06,15575.3,399.98
3,6.77096e+06,16112.4,399.979
3.1,6.77096e+06,16649.5,399.977
3.2,6.77095e+06,17186.6,399.976
3.3,6.77095e+06,17723.7,399.974
3.4,6.77095e+06,18260.7,399.973
3.5,6.77095e+06,18797.8,399.971
3.6,6.77094e+06,19334.9,399.97
3.7,6.77094e+06,19872,399.968
3.8,6.77094e+06,20409,399.966
3.9,6.77093e+06,20946.1,399.965
4,6.77093e+06,21483.2,399.963
4.1,6.77093e+06,22020.3,399.961
4.2,6.77092e+06,22557.4,399.959
4.3,6.77092e+06,23094.4,399.957
4.4,6.77091e+06,23631.5,399.955
4.5,6.77091e+06,24168.6,399.953
4.6,6.77091e+06,24705.7,399.951
4.7,6.7709e+06,25242.7,399.949
4.8,6.7709e+06,25779.8,399.947
4.9,6.77089e+06,26316.9,399.945
5,6.77089e+06,26854,399.942
5.1,6.77088e+06,27391,399.94
5.2,6.77088e+06,27928.1,399.938
5.3,6.77088e+06,28465.2,399.935
5.4,6.77087e+06,29002.2,399.933
5.5,6.77087e+06,29539.3,399.931
5.6,6.77086e+06,30076.4,399.928
5.7,6.77086e+06,30613.5,399.925
5.8,6.77085e+06,31150.5,399.923
5.9,6.77085e+06,31687.6,399.92
6,6.77084e+06,32224.7,399.918
6.1,6.77084e+06,32761.7,399.915
6.2,6.77083e+06,33298.8,399.912
6.3,6.77082e+06,33835.9,399.909
6.4,6.77082e+06,34372.9,399.906
6.5,6.77081e+06,34910,399.904
6.6,6.77081e+06,35447.1,399.901
6.7,6.7708e+06,35984.1,399.898
6.8,6.7708e+06,36521.2,399.895
6.9,6.77079e+06,37058.3,399.891
7,6.77078e+06,37595.3,399.888
7.1,6.77078e+06,38132.4,399.885
7.2,6.77077e+06,38669.5,399.882
7.3,6.77077e+06,39206.5,399.879
7.4,6.77076e+06,39743.6,399.875
7.5,6.77075e+06,40280.7,399.872
7.6,6.77075e+06,40817.7,399.869
7.7,6.77074e+06,41354.8,399.865
7.8,6.77073e+06,41891.8,399.862
7.9,6.77073e+06,42428.9,399.858
8,6.77072e+06,42966,399.855
8.1,6.77071e+06,43503,399.851
8.2,6.7707e+06,44040.1,399.847
8.3,6.7707e+06,44577.1,399.844
8.4,6.77069e+06,45114.2,399.84
8.5,6.77068e+06,45651.3,399.836
8.6,6.77067e+06,46188.3,399.832
8.7,6.77067e+06,46725.4,399.828
8.8,6.77066e+06,47262.4,399.824
8.9,6.77065e+06,47799.5,399.821
9,6.77064e+06,48336.5,399.817
9.1,6.77064e+06,48873.6,399.812
9.2,6.77063e+06,49410.6,399.808
9.3,6.77062e+06,49947.7,399.804
9.4,6.77061e+06,50484.7,399.8
9.5,6.7706e+06,51021.8,399.796
9.6,6.7706e+06,51558.8,399.792
9.7,6.77059e+06,52095.9,399.787
9.8,6.77058e+06,52632.9,399.783
9.9,6.77057e+06,53170,399.778
10,6.77056e+06,53707,399.774
10.1,6.77055e+06,54244.1,399.769
10.2,6.77054e+06,54781.1,399.765
10.3,6.77053e+06,55318.2,399.76
10.4,6.77053e+06,55855.2,399.756
10.5,6.77052e+06,56392.3,399.751
10.6,6.77051e+06,56929.3,399.746
10.7,6.7705e+06,57466.4,399.742
10.8,6.77049e+06,58003.4,399.737
10.9,6.77048e+06,58540.4,399.732
11,6.77047e+06,59077.5,399.727
11.1,6.77046e+06,59614.5,399.722
11.2,6.77045e+06,60151.6,399.717
11.3,6.77044e+06,60688.6,399.712
11.4,6.77043e+06,61225.6,399.707
11.5,6.77042e+06,61762.7,399.702
11.6,6.77041e+06,62299.7,399.697
11.7,6.7704e+06,62836.7,399.691
11.8,6.77039e+06,63373.8,399.686
11.9,6.77038e+06,63910.8,399.681
12,6.77037e+06,64447.8,399.676
12.1,6.77036e+06,64984.9,399.67
12.2,6.77035e+06,65521.9,399.665
12.3,6.77034e+06,66058.9,399.659
12.4,6.77033e+06,66596,399.654
12.5,6.77032e+06,67133,399.648
12.6,6.7703e+06,67670,399.643
12.7,6.77029e+06,68207,399.637
12.8,6.77028e+06,68744.1,399.631
12.9,6.77027e+06,69281.1,399.625
13,6.77026e+06,69818.1,399.62
13.1,6.77025e+06,70355.1,399.614
13.2,6.77024e+06,70892.2,399.608
13.3,6.77023e+06,71429.2,399.602
13.4,6.77021e+06,71966.2,399.596
13.5,6.7702e+06,72503.2,399.59
13.6,6.77019e+06,73040.2,399.584
13.7,6.77018e+06,73577.3,399.578
13.8,6.77017e+06,74114.3,399.572
13.9,6.77015e+06,74651.3,399.566
14,6.77014e+06,75188.3,399.559
14.1,6.77013e+06,75725.3,399.553
14.2,6.77012e+06,76262.3,399.547
14.3,6.7701e+06,76799.4,399.54
14.4,6.77009e+06,77336.4,399.534
14.5,6.77008e+06,77873.4,399.528
14.6,6.77007e+06,78410.4,399.521
14.7,6.77005e+06,78947.4,399.515
14.8,6.77004e+06,79484.4,399.508
14.9,6.77003e+06,80021.4,399.501
15,6.77002e+06,80558.4,399.495
15.1,6.77e+06,81095.4,399.488
15.2,6.76999e+06,81632.4,399.481
15.3,6.76998e+06,82169.4,399.474
15.4,6.76996e+06,82706.4,399.468
15.5,6.76995e+06,83243.4,399.461
15.6,6.76994e+06,83780.4,399.454
15.7,6.76992e+06,84317.4,399.447
15.8,6.76991e+06,84854.4,399.44
15.9,6.76989e+06,85391.4,399.433
16,6.76988e+06,85928.4,399.425
16.1,6.76987e+06,86465.4,399.418
16.2,6.76985e+06,87002.4,399.411
16.3,6.76984e+06,87539.4,399.404
16.4,6.76982e+06,88076.4,399.397
16.5,6.76981e+06,88613.4,399.389
16.6,6.76979e+06,89150.3,399.382
16.7,6.76978e+06,89687.3,399.374
16.8,6.76977e+06,90224.3,399.367
16.9,6.76975e+06,90761.3,399.359
17,6.76974e+06,91298.3,399.352
17.1,6.76972e+06,91835.3,399.344
17.2,6.76971e+06,92372.2,399.337
17.3,6.76969e+06,92909.2,399.329
17.4,6.76968e+06,93446.2,399.321
17.5,6.76966e+06,93983.2,399.313
17.6,6.76965e+06,94520.1,399.306
17.7,6.76963e+06,95057.1,399.298
17.8,6.76961e+06,95594.1,399.29
17.9,6.7696e+06,96131.1,399.282
18,6.76958e+06,96668,399.274
18.1,6.76957e+06,97205,399.266
18.2,6.76955e+06,97742,399.258
18.3,6.76954e+06,98278.9,399.25
18.4,6.76952e+06,98815.9,399.241
18.5,6.7695e+06,99352.9,399.233
18.6,6.76949e+06,99889.8,399.225
18.7,6.76947e+06,100427,399.217
18.8,6.76946e+06,100964,399.208
18.9,6.76944e+06,101501,399.2
19,6.76942e+06,102038,399.191
19.1,6.76941e+06,102575,399.183
19.2,6.76939e+06,103112,399.174
19.3,6.76937e+06,103649,399.166
19.4,6.76936e+06,104185,399.157
19.5,6.76934e+06,104722,399.148
19.6,6.76932e+06,105259,399.14
19.7,6.7693e+06,105796,399.131
19.8,6.76929e+06,106333,399.122
19.9,6.76927e+06,106870,399.113
20,6.76925e+06,107407,399.104
20.1,6.76923e+06,107944,399.096
20.2,6.76922e+06,108481,399.087
20.3,6.7692e+06,109018,399.078
20.4,6.76918e+06,109555,399.068
20.5,6.76916e+06,110092,399.059
20.6,6.76915e+06,110629,399.05
20.7,6.76913e+06,111166,399.041
20.8,6.76911e+06,111703,399.032
20.9,6.76909e+06,112240,399.022
21,6.76907e+06,112777,399.013
21.1,6.76906e+06,113313,399.004
21.2,6.76904e+06,113850,398.994
21.3,6.76902e+06,114387,398.985
21.4,6.769e+06,114924,398.975
21.5,6.76898e+06,115461,398.966
21.6,6.76896e+06,115998,398.956
21.7,6.76894e+06,116535,398.947
21.8,6.76892e+06,117072,398.937
21.9,6.76891e+06,117609,398.927
22,6.76889e+06,118146,398.917
22.1,6.76887e+06,118683,398.908
22.2,6.76885e+06,119220,398.898
22.3,6.76883e+06,119757,398.888
22.4,6.76881e+06,120293,398.878
22.5,6.76879e+06,120830,398.868
22.6,6.76877e+06,121367,398.858
22.7,6.76875e+06,121904,398.848
22.8,6.76873e+06,122441,398.838
22.9,6.76871e+06,122978,398.827
23,6.76869e+06,123515,398.817
23.1,6.76867e+06,124052,398.807
23.2,6.76865e+06,124589,398.797
23.3,6.76863e+06,125126,398.786
23.4,6.76861e+06,125662,398.776
23.5,6.76859e+06,126199,398.765
23.6,6.76857e+06,126736,398.755
23.7,6.76855e+06,127273,398.744
23.8,6.76853e+06,127810,398.734
23.9,6.76851e+06,128347,398.723
24,6.76849e+06,128884,398.713
24.1,6.76846e+06,129421,398.702
24.2,6.76844e+06,129958,398.691
24.3,6.76842e+06,130494,398.68
24.4,6.7684e+06,131031,398.669
24.5,6.76838e+06,131568,398.659
24.6,6.76836e+06,132105,398.648
24.7,6.76834e+06,132642,398.637
24.8,6.76832e+06,133179,398.626
24.9,6.76829e+06,133716,398.615
25,6.76827e+06,134253,398.603
25.1,6.76825e+06,134789,398.592
25.2,6.76823e+06,135326,398.581
25.3,6.76821e+06,135863,398.57
25.4,6.76818e+06,136400,398.559
25.5,6.76816e+06,136937,398.547
25.6,6.76814e+06,137474,398.536
25.7,6.76812e+06,138011,398.524
25.8,6.7681e+06,138547,398.513
25.9,6.76807e+06,139084,398.501
26,6.76805e+06,139621,398.49
26.1,6.76803e+06,140158,398.478
26.2,6.768e+06,140695,398.467
26.3,6.76798e+06,141232,398.455
26.4,6.76796e+06,141768,398.443
26.5,6.76794e+06,142305,398.432
26.6,6.76791e+06,142842,398.42
26.7,6.76789e+06,143379,398.408
26.8,6.76787e+06,143916,398.396
26.9,6.76784e+06,144453,398.384
27,6.76782e+06,144989,398.372
27.1,6.7678e+06,145526,398.36
27.2,6.76777e+06,146063,398.348
27.3,6.76775e+06,146600,398.336
27.4,6.76772e+06,147137,398.324
27.5,6.7677e+06,147674,398.311
27.6,6.76768e+06,148210,398.299
27.7,6.76765e+06,148747,398.287
27.8,6.76763e+06,149284,398.274
27.9,6.7676e+06,149821,398.262
28,6.76758e+06,150358,398.25
28.1,6.76756e+06,150895,398.237
28.2,6.76753e+06,151431,398.225
28.3,6.76751e+06,151968,398.212
28.4,6.76748e+06,152505,398.199
28.5,6.76746e+06,153042,398.187
28.6,6.76743e+06,153579,398.174
28.7,6.76741e+06,154115,398.161
28.8,6.76738e+06,154652,398.148
28.9,6.76736e+06,155189,398.136
29,6.76733e+06,155726,398.123
29.1,6.76731e+06,156263,398.11
29.2,6.76728e+06,156799,398.097
29.3,6.76726e+06,157336,398.084
29.4,6.76723e+06,157873,398.071
29.5,6.7672e+06,158410,398.058
29.6,6.76718e+06,158946,398.045
29.7,6.76715e+06,159483,398.031
29.8,6.76713e+06,160020,398.018
29.9,6.7671e+06,160557,398.005
30,6.76707e+06,161094,397.992
30.1,6.76705e+06,161630,397.978
30.2,6.76702e+06,162167,397.965
30.3,6.767e+06,162704,397.951
30.4,6.76697e+06,163241,397.938
30.5,6.76694e+06,163777,397.924
30.6,6.76692e+06,164314,397.911
30.7,6.76689e+06,164851,397.897
30.8,6.76686e+06,165388,397.883
30.9,6.76684e+06,165924,397.87
31,6.76681e+06,166461,397.856
31.1,6.76678e+06,166998,397.842
31.2,6.76675e+06,167535,397.828
31.3,6.76673e+06,168071,397.814
31.4,6.7667e+06,168608,397.8
31.5,6.76667e+06,169145,397.786
31.6,6.76665e+06,169682,397.772
31.7,6.76662e+06,170218,397.758
31.8,6.76659e+06,170755,397.744
31.9,6.76656e+06,171292,397.73
32,6.76653e+06,171829,397.716
32.1,6.76651e+06,172365,397.701
32.2,6.76648e+06,172902,397.687
32.3,6.76645e+06,173439,397.673
32.4,6.76642e+06,173975,397.658
32.5,6.76639e+06,174512,397.644
32.6,6.76637e+06,175049,397.63
32.7,6.76634e+06,175586,397.615
32.8,6.76631e+06,176122,397.6
32.9,6.76628e+06,176659,397.586
33,6.76625e+06,177196,397.571
33.1,6.76622e+06,177732,397.556
33.2,6.76619e+06,178269,397.542
33.3,6.76616e+06,178806,397.527
33.4,6.76614e+06,179343,397.512
33.5,6.76611e+06,179879,397.497
33.6,6.76608e+06,180416,397.482
33.7,6.76605e+06,180953,397.467
33.8,6.76602e+06,181489,397.452
33.9,6.76599e+06,182026,397.437
34,6.76596e+06,182563,397.422
34.1,6.76593e+06,183099,397.407
34.2,6.7659e+06,183636,397.392
34.3,6.76587e+06,184173,397.377
34.4,6.76584e+06,184709,397.361
34.5,6.76581e+06,185246,397.346
34.6,6.76578e+06,185783,397.331
34.7,6.76575e+06,186319,397.315
34.8,6.76572e+06,186856,397.3
34.9,6.76569e+06,187393,397.284
35,6.76566e+06,187929,397.269
35.1,6.76563e+06,188466,397.253
35.2,6.7656e+06,189003,397.238
35.3,6.76557e+06,189539,397.222
35.4,6.76554e+06,190076,397.206
35.5,6.76551e+06,190613,397.19
35.6,6.76547e+06,191149,397.175
35.7,6.76544e+06,191686,397.159
35.8,6.76541e+06,192223,397.143
35.9,6.76538e+06,192759,397.127
36,6.76535e+06,193296,397.111
36.1,6.76532e+06,193832,397.095
36.2,6.76529e+06,194369,397.079
36.3,6.76526e+06,194906,397.063
36.4,6.76522e+06,195442,397.046
36.5,6.76519e+06,195979,397.03
36.6,6.76516e+06,196516,397.014
36.7,6.76513e+06,197052,396.998
36.8,6.7651e+06,197589,396.981
36.9,6.76506e+06,198125,396.965
37,6.76503e+06,198662,396.949
37.1,6.765e+06,199199,396.932
37.2,6.76497e+06,199735,396.916
37.3,6.76494e+06,200272,396.899
37.4,6.7649e+06,200808,396.882
37.5,6.76487e+06,201345,396.866
37.6,6.76484e+06,201882,396.849
37.7,6.7648e+06,202418,396.832
37.8,6.76477e+06,202955,396.816
37.9,6.76474e+06,203491,396.799
38,6.76471e+06,204028,396.782
38.1,6.76467e+06,204565,396.765
38.2,6.76464e+06,205101,396.748
38.3,6.76461e+06,205638,396.731
38.4,6.76457e+06,206174,396.714
38.5,6.76454e+06,206711,396.697
38.6,6.76451e+06,207247,396.68
38.7,6.76447e+06,207784,396.662
38.8,6.76444e+06,208321,396.645
38.9,6.7644e+06,208857,396.628
39,6.76437e+06,209394,396.611
39.1,6.76434e+06,209930,396.593
39.2,6.7643e+06,210467,396.576
39.3,6.76427e+06,211003,396.558
39.4,6.76423e+06,211540,396.541
39.5,6.7642e+06,212076,396.523
39.6,6.76417e+06,212613,396.506
39.7,6.76413e+06,213150,396.488
39.8,6.7641e+06,213686,396.471
39.9,6.76406e+06,214223,396.453
40,6.76403e+06,214759,396.435
40.1,6.76399e+06,215296,396.417
40.2,6.76396e+06,215832,396.399
40.3,6.76392e+06,216369,396.381
40.4,6.76389e+06,216905,396.364
40.5,6.76385e+06,217442,396.346
40.6,6.76382e+06,217978,396.328
40.7,6.76378e+06,218515,396.309
40.8,6.76375e+06,219051,396.291
40.9,6.76371e+06,219588,396.273
41,6.76367e+06,220124,396.255
41.1,6.76364e+06,220661,396.237
41.2,6.7636e+06,221197,396.218
41.3,6.76357e+06,221734,396.2
41.4,6.76353e+06,222270,396.182
41.5,6.76349e+06,222807,396.163
41.6,6.76346e+06,223343,396.145
41.7,6.76342e+06,223880,396.126
41.8,6.76339e+06,224416,396.108
41.9,6.76335e+06,224953,396.089
42,6.76331e+06,225489,396.07
42.1,6.76328e+06,226026,396.052
42.2,6.76324e+06,226562,396.033
42.3,6.7632e+06,227099,396.014
42.4,6.76317e+06,227635,395.995
42.5,6.76313e+06,228172,395.977
42.6,6.76309e+06,228708,395.958
42.7,6.76305e+06,229244,395.939
42.8,6.76302e+06,229781,395.92
42.9,6.76298e+06,230317,395.901
43,6.76294e+06,230854,395.882
43.1,6.76291e+06,231390,395.862
43.2,6.76287e+06,231927,395.843
43.3,6.76283e+06,232463,395.824
43.4,6.76279e+06,233000,395.805
43.5,6.76275e+06,233536,395.785
43.6,6.76272e+06,234072,395.766
43.7,6.76268e+06,234609,395.747
43.8,6.76264e+06,235145,395.727
43.9,6.7626e+06,235682,395.708
44,6.76256e+06,236218,395.688
44.1,6.76253e+06,236754,395.669
44.2,6.76249e+06,237291,395.649
44.3,6.76245e+06,237827,395.629
44.4,6.76241e+06,238364,395.61
44.5,6.76237e+06,238900,395.59
44.6,6.76233e+06,239437,395.57
44.7,6.76229e+06,239973,395.55
44.8,6.76225e+06,240509,395.53
44.9,6.76222e+06,241046,395.51
45,6.76218e+06,241582,395.49
45.1,6.76214e+06,242118,395.47
45.2,6.7621e+06,242655,395.45
45.3,6.76206e+06,243191,395.43
45.4,6.76202e+06,243728,395.41
45.5,6.76198e+06,244264,395.39
45.6,6.76194e+06,244800,395.37
45.7,6.7619e+06,245337,395.349
45.8,6.76186e+06,245873,395.329
45.9,6.76182e+06,246409,395.309
46,6.76178e+06,246946,395.288
46.1,6.76174e+06,247482,395.268
46.2,6.7617e+06,248018,395.247
46.3,6.76166e+06,248555,395.227
46.4,6.76162e+06,249091,395.206
46.5,6.76158e+06,249627,395.185
46.6,6.76154e+06,250164,395.165
46.7,6.7615e+06,250700,395.144
46.8,6.76146e+06,251236,395.123
46.9,6.76142e+06,251773,395.102
47,6.76138e+06,252309,395.082
47.1,6.76133e+06,252845,395.061
47.2,6.76129e+06,253382,395.04
47.3,6.76125e+06,253918,395.019
47.4,6.76121e+06,254454,394.998
47.5,6.76117e+06,254991,394.977
47.6,6.76113e+06,255527,394.955
47.7,6.76109e+06,256063,394.934
47.8,6.76105e+06,256600,394.913
47.9,6.761e+06,257136,394.892
48,6.76096e+06,257672,394.87
48.1,6.76092e+06,258208,394.849
48.2,6.76088e+06,258745,394.828
48.3,6.76084e+06,259281,394.806
48.4,6.76079e+06,259817,394.785
48.5,6.76075e+06,260354,394.763
48.6,6.76071e+06,260890,394.742
48.7,6.76067e+06,261426,394.72
48.8,6.76062e+06,261962,394.698
48.9,6.76058e+06,262499,394.677
49,6.76054e+06,263035,394.655
49.1,6.7605e+06,263571,394.633
49.2,6.76045e+06,264107,394.611
49.3,6.76041e+06,264644,394.589
49.4,6.76037e+06,265180,394.567
49.5,6.76033e+06,265716,394.545
49.6,6.76028e+06,266252,394.523
49.7,6.76024e+06,266789,394.501
49.8,6.7602e+06,267325,394.479
49.9,6.76015e+06,267861,394.457
50,6.76011e+06,268397,394.435
50.1,6.76007e+06,268933,394.413
50.2,6.76002e+06,269470,394.39
50.3,6.75998e+06,270006,394.368
50.4,6.75993e+06,270542,394.346
50.5,6.75989e+06,271078,394.323
50.6,6.75985e+06,271614,394.301
50.7,6.7598e+06,272151,394.278
50.8,6.75976e+06,272687,394.256
50.9,6.75971e+06,273223,394.233
51,6.75967e+06,273759,394.21
51.1,6.75962e+06,274295,394.188
51.2,6.75958e+06,274832,394.165
51.3,6.75954e+06,275368,394.142
51.4,6.75949e+06,275904,394.119
51.5,6.75945e+06,276440,394.097
51.6,6.7594e+06,276976,394.074
51.7,6.75936e+06,277512,394.051
51.8,6.75931e+06,278049,394.028
51.9,6.75927e+06,278585,394.005
52,6.75922e+06,279121,393.982
52.1,6.75918e+06,279657,393.958
52.2,6.75913e+06,280193,393.935
52.3,6.75908e+06,280729,393.912
52.4,6.75904e+06,281265,393.889
52.5,6.75899e+06,281802,393.866
52.6,6.75895e+06,282338,393.842
52.7,6.7589e+06,282874,393.819
52.8,6.75886e+06,283410,393.795
52.9,6.75881e+06,283946,393.772
53,6.75876e+06,284482,393.748
53.1,6.75872e+06,285018,393.725
53.2,6.75867e+06,285554,393.701
53.3,6.75863e+06,286091,393.677
53.4,6.75858e+06,286627,393.654
53.5,6.75853e+06,287163,393.63
53.6,6.75849e+06,287699,393.606
53.7,6.75844e+06,288235,393.582
53.8,6.75839e+06,288771,393.558
53.9,6.75835e+06,289307,393.535
54,6.7583e+06,289843,393.511
54.1,6.75825e+06,290379,393.487
54.2,6.7582e+06,290915,393.462
54.3,6.75816e+06,291451,393.438
54.4,6.75811e+06,291987,393.414
54.5,6.75806e+06,292523,393.39
54.6,6.75801e+06,293060,393.366
54.7,6.75797e+06,293596,393.342
54.8,6.75792e+06,294132,393.317
54.9,6.75787e+06,294668,393.293
55,6.75782e+06,295204,393.268
55.1,6.75778e+06,295740,393.244
55.2,6.75773e+06,296276,393.219
55.3,6.75768e+06,296812,393.195
55.4,6.75763e+06,297348,393.17
55.5,6.75758e+06,297884,393.146
55.6,6.75753e+06,298420,393.121
55.7,6.75749e+06,298956,393.096
55.8,6.75744e+06,299492,393.071
55.9,6.75739e+06,300028,393.047
56,6.75734e+06,300564,393.022
56.1,6.75729e+06,301100,392.997
56.2,6.75724e+06,301636,392.972
56.3,6.75719e+06,302172,392.947
56.4,6.75714e+06,302708,392.922
56.5,6.7571e+06,303244,392.897
56.6,6.75705e+06,303780,392.872
56.7,6.757e+06,304316,392.847
56.8,6.75695e+06,304852,392.821
56.9,6.7569e+06,305388,392.796
57,6.75685e+06,305924,392.771
57.1,6.7568e+06,306460,392.745
57.2,6.75675e+06,306996,392.72
57.3,6.7567e+06,307532,392.695
57.4,6.75665e+06,308067,392.669
57.5,6.7566e+06,308603,392.644
57.6,6.75655e+06,309139,392.618
57.7,6.7565e+06,309675,392.592
57.8,6.75645e+06,310211,392.567
57.9,6.7564e+06,310747,392.541
58,6.75635e+06,311283,392.515
58.1,6.7563e+06,311819,392.489
58.2,6.75625e+06,312355,392.464
58.3,6.7562e+06,312891,392.438
58.4,6.75615e+06,313427,392.412
58.5,6.75609e+06,313963,392.386
58.6,6.75604e+06,314499,392.36
58.7,6.75599e+06,315034,392.334
58.8,6.75594e+06,315570,392.308
58.9,6.75589e+06,316106,392.282
59,6.75584e+06,316642,392.255
59.1,6.75579e+06,317178,392.229
59.2,6.75574e+06,317714,392.203
59.3,6.75568e+06,318250,392.176
59.4,6.75563e+06,318786,392.15
59.5,6.75558e+06,319321,392.124
59.6,6.75553e+06,319857,392.097
59.7,6.75548e+06,320393,392.071
59.8,6.75543e+06,320929,392.044
59.9,6.75537e+06,321465,392.018
60,6.75532e+06,322001,391.991
60.1,6.75527e+06,322537,391.964
60.2,6.75522e+06,323072,391.938
60.3,6.75516e+06,323608,391.911
60.4,6.75511e+06,324144,391.884
60.5,6.75506e+06,324680,391.857
60.6,6.75501e+06,325216,391.83
60.7,6.75495e+06,325751,391.803
60.8,6.7549e+06,326287,391.776
60.9,6.75485e+06,326823,391.749
61,6.75479e+06,327359,391.722
61.1,6.75474e+06,327895,391.695
61.2,6.75469e+06,328430,391.668
61.3,6.75463e+06,328966,391.641
61.4,6.75458e+06,329502,391.613
61.5,6.75453e+06,330038,391.586
61.6,6.75447e+06,330574,391.559
61.7,6.75442e+06,331109,391.531
61.8,6.75437e+06,331645,391.504
61.9,6.75431e+06,332181,391.476
62,6.75426e+06,332717,391.449
62.1,6.7542e+06,333252,391.421
62.2,6.75415e+06,333788,391.394
62.3,6.7541e+06,334324,391.366
62.4,6.75404e+06,334860,391.338
62.5,6.75399e+06,335395,391.311
62.6,6.75393e+06,335931,391.283
62.7,6.75388e+06,336467,391.255
62.8,6.75382e+06,337003,391.227
62.9,6.75377e+06,337538,391.199
63,6.75371e+06,338074,391.171
63.1,6.75366e+06,338610,391.143
63.2,6.75361e+06,339145,391.115
63.3,6.75355e+06,339681,391.087
63.4,6.75349e+06,340217,391.059
63.5,6.75344e+06,340752,391.031
63.6,6.75338e+06,341288,391.002
63.7,6.75333e+06,341824,390.974
63.8,6.75327e+06,342359,390.946
63.9,6.75322e+06,342895,390.917
64,6.75316e+06,343431,390.889
64.1,6.75311e+06,343966,390.861
64.2,6.75305e+06,344502,390.832
64.3,6.75299e+06,345038,390.804
64.4,6.75294e+06,345573,390.775
64.5,6.75288e+06,346109,390.746
64.6,6.75283e+06,346645,390.718
64.7,6.75277e+06,347180,390.689
64.8,6.75271e+06,347716,390.66
64.9,6.75266e+06,348252,390.631
65,6.7526e+06,348787,390.603
65.1,6.75254e+06,349323,390.574
65.2,6.75249e+06,349859,390.545
65.3,6.75243e+06,350394,390.516
65.4,6.75237e+06,350930,390.487
65.5,6.75232e+06,351465,390.458
65.6,6.75226e+06,352001,390.428
65.7,6.7522e+06,352537,390.399
65.8,6.75215e+06,353072,390.37
65.9,6.75209e+06,353608,390.341
66,6.75203e+06,354143,390.312
66.1,6.75197e+06,354679,390.282
66.2,6.75192e+06,355214,390.253
66.3,6.75186e+06,355750,390.223
66.4,6.7518e+06,356286,390.194
66.5,6.75174e+06,356821,390.164
66.6,6.75168e+06,357357,390.135
66.7,6.75163e+06,357892,390.105
66.8,6.75157e+06,358428,390.076
66.9,6.75151e+06,358963,390.046
67,6.75145e+06,359499,390.016
67.1,6.75139e+06,360034,389.986
67.2,6.75133e+06,360570,389.956
67.3,6.75128e+06,361105,389.927
67.4,6.75122e+06,361641,389.897
67.5,6.75116e+06,362176,389.867
67.6,6.7511e+06,362712,389.837
67.7,6.75104e+06,363247,389.807
67.8,6.75098e+06,363783,389.777
67.9,6.75092e+06,364318,389.746
68,6.75086e+06,364854,389.716
68.1,6.7508e+06,365389,389.686
68.2,6.75075e+06,365925,389.656
68.3,6.75069e+06,366460,389.625
68.4,6.75063e+06,366996,389.595
68.5,6.75057e+06,367531,389.565
68.6,6.75051e+06,368067,389.534
68.7,6.75045e+06,368602,389.504
68.8,6.75039e+06,369138,389.473
68.9,6.75033e+06,369673,389.442
69,6.75027e+06,370209,389.412
69.1,6.75021e+06,370744,389.381
69.2,6.75015e+06,371279,389.35
69.3,6.75009e+06,371815,389.32
69.4,6.75003e+06,372350,389.289
69.5,6.74997e+06,372886,389.258
69.6,6.74991e+06,373421,389.227
69.7,6.74985e+06,373956,389.196
69.8,6.74978e+06,374492,389.165
69.9,6.74972e+06,375027,389.134
70,6.74966e+06,375563,389.103
70.1,6.7496e+06,376098,389.072
70.2,6.74954e+06,376633,389.041
70.3,6.74948e+06,377169,389.01
70.4,6.74942e+06,377704,388.978
70.5,6.74936e+06,378240,388.947
70.6,6.7493e+06,378775,388.916
70.7,6.74923e+06,379310,388.884
70.8,6.74917e+06,379846,388.853
70.9,6.74911e+06,380381,388.821
71,6.74905e+06,380916,388.79
71.1,6.74899e+06,381452,388.758
71.2,6.74893e+06,381987,388.727
71.3,6.74886e+06,382522,388.695
71.4,6.7488e+06,383058,388.663
71.5,6.74874e+06,383593,388.632
71.6,6.74868e+06,384128,388.6
71.7,6.74861e+06,384664,388.568
71.8,6.74855e+06,385199,388.536
71.9,6.74849e+06,385734,388.504
72,6.74843e+06,386269,388.472
72.1,6.74836e+06,386805,388.44
72.2,6.7483e+06,387340,388.408
72.3,6.74824e+06,387875,388.376
72.4,6.74818e+06,388411,388.344
72.5,6.74811e+06,388946,388.312
72.6,6.74805e+06,389481,388.279
72.7,6.74799e+06,390016,388.247
72.8,6.74792e+06,390552,388.215
72.9,6.74786e+06,391087,388.183
73,6.7478e+06,391622,388.15
73.1,6.74773e+06,392157,388.118
73.2,6.74767e+06,392693,388.085
73.3,6.7476e+06,393228,388.053
73.4,6.74754e+06,393763,388.02
73.5,6.74748e+06,394298,387.987
73.6,6.74741e+06,394833,387.955
73.7,6.74735e+06,395369,387.922
73.8,6.74728e+06,395904,387.889
73.9,6.74722e+06,396439,387.856
74,6.74716e+06,396974,387.824
74.1,6.74709e+06,397509,387.791
74.2,6.74703e+06,398045,387.758
74.3,6.74696e+06,398580,387.725
74.4,6.7469e+06,399115,387.692
74.5,6.74683e+06,399650,387.659
74.6,6.74677e+06,400185,387.626
74.7,6.7467e+06,400720,387.592
74.8,6.74664e+06,401256,387.559
74.9,6.74657e+06,401791,387.526
75,6.74651e+06,402326,387.493
75.1,6.74644e+06,402861,387.459
75.2,6.74638e+06,403396,387.426
75.3,6.74631e+06,403931,387.392
75.4,6.74625e+06,404466,387.359
75.5,6.74618e+06,405002,387.325
75.6,6.74611e+06,405537,387.292
75.7,6.74605e+06,406072,387.258
75.8,6.74598e+06,406607,387.225
75.9,6.74592e+06,407142,387.191
76,6.74585e+06,407677,387.157
76.1,6.74578e+06,408212,387.123
76.2,6.74572e+06,408747,387.09
76.3,6.74565e+06,409282,387.056
76.4,6.74558e+06,409817,387.022
76.5,6.74552e+06,410352,386.988
76.6,6.74545e+06,410887,386.954
76.7,6.74538e+06,411422,386.92
76.8,6.74532e+06,411958,386.886
76.9,6.74525e+06,412493,386.851
77,6.74518e+06,413028,386.817
77.1,6.74512e+06,413563,386.783
77.2,6.74505e+06,414098,386.749
77.3,6.74498e+06,414633,386.714
77.4,6.74491e+06,415168,386.68
77.5,6.74485e+06,415703,386.646
77.6,6.74478e+06,416238,386.611
77.7,6.74471e+06,416773,386.577
77.8,6.74464e+06,417308,386.542
77.9,6.74458e+06,417843,386.508
78,6.74451e+06,418378,386.473
78.1,6.74444e+06,418913,386.438
78.2,6.74437e+06,419448,386.404
78.3,6.7443e+06,419983,386.369
78.4,6.74424e+06,420518,386.334
78.5,6.74417e+06,421052,386.299
78.6,6.7441e+06,421587,386.264
78.7,6.74403e+06,422122,386.229
78.8,6.74396e+06,422657,386.194
78.9,6.74389e+06,423192,386.159
79,6.74383e+06,423727,386.124
79.1,6.74376e+06,424262,386.089
79.2,6.74369e+06,424797,386.054
79.3,6.74362e+06,425332,386.019
79.4,6.74355e+06,425867,385.983
79.5,6.74348e+06,426402,385.948
79.6,6.74341e+06,426937,385.913
79.7,6.74334e+06,427472,385.877
79.8,6.74327e+06,428006,385.842
79.9,6.7432e+06,428541,385.807
80,6.74313e+06,429076,385.771
80.1,6.74306e+06,429611,385.735
80.2,6.74299e+06,430146,385.7
80.3,6.74292e+06,430681,385.664
80.4,6.74285e+06,431216,385.629
80.5,6.74278e+06,431750,385.593
80.6,6.74271e+06,432285,385.557
80.7,6.74264e+06,432820,385.521
80.8,6.74257e+06,433355,385.485
80.9,6.7425e+06,433890,385.449
81,6.74243e+06,434425,385.413
81.1,6.74236e+06,434959,385.377
81.2,6.74229e+06,435494,385.341
81.3,6.74222e+06,436029,385.305
81.4,6.74215e+06,436564,385.269
81.5,6.74208e+06,437099,385.233
81.6,6.74201e+06,437633,385.197
81.7,6.74194e+06,438168,385.16
81.8,6.74187e+06,438703,385.124
81.9,6.74179e+06,439238,385.088
82,6.74172e+06,439772,385.051
82.1,6.74165e+06,440307,385.015
82.2,6.74158e+06,440842,384.978
82.3,6.74151e+06,441377,384.942
82.4,6.74144e+06,441911,384.905
82.5,6.74136e+06,442446,384.869
82.6,6.74129e+06,442981,384.832
82.7,6.74122e+06,443516,384.795
82.8,6.74115e+06,444050,384.758
82.9,6.74108e+06,444585,384.722
83,6.741e+06,445120,384.685
83.1,6.74093e+06,445654,384.648
83.2,6.74086e+06,446189,384.611
83.3,6.74079e+06,446724,384.574
83.4,6.74072e+06,447258,384.537
83.5,6.74064e+06,447793,384.5
83.6,6.74057e+06,448328,384.463
83.7,6.7405e+06,448862,384.426
83.8,6.74042e+06,449397,384.388
83.9,6.74035e+06,449932,384.351
84,6.74028e+06,450466,384.314
84.1,6.7402e+06,451001,384.276
84.2,6.74013e+06,451536,384.239
84.3,6.74006e+06,452070,384.202
84.4,6.73998e+06,452605,384.164
84.5,6.73991e+06,453140,384.127
84.6,6.73984e+06,453674,384.089
84.7,6.73976e+06,454209,384.051
84.8,6.73969e+06,454743,384.014
84.9,6.73962e+06,455278,383.976
85,6.73954e+06,455813,383.938
85.1,6.73947e+06,456347,383.901
85.2,6.73939e+06,456882,383.863
85.3,6.73932e+06,457416,383.825
85.4,6.73925e+06,457951,383.787
85.5,6.73917e+06,458485,383.749
85.6,6.7391e+06,459020,383.711
85.7,6.73902e+06,459555,383.673
85.8,6.73895e+06,460089,383.635
85.9,6.73887e+06,460624,383.597
86,6.7388e+06,461158,383.559
86.1,6.73872e+06,461693,383.52
86.2,6.73865e+06,462227,383.482
86.3,6.73857e+06,462762,383.444
86.4,6.7385e+06,463296,383.405
86.5,6.73842e+06,463831,383.367
86.6,6.73835e+06,464365,383.328
86.7,6.73827e+06,464900,383.29
86.8,6.7382e+06,465434,383.251
86.9,6.73812e+06,465969,383.213
87,6.73804e+06,466503,383.174
87.1,6.73797e+06,467038,383.136
87.2,6.73789e+06,467572,383.097
87.3,6.73782e+06,468106,383.058
87.4,6.73774e+06,468641,383.019
87.5,6.73766e+06,469175,382.98
87.6,6.73759e+06,469710,382.941
87.7,6.73751e+06,470244,382.903
87.8,6.73744e+06,470779,382.864
87.9,6.73736e+06,471313,382.825
88,6.73728e+06,471847,382.785
88.1,6.73721e+06,472382,382.746
88.2,6.73713e+06,472916,382.707
88.3,6.73705e+06,473451,382.668
88.4,6.73698e+06,473985,382.629
88.5,6.7369e+06,474519,382.589
88.6,6.73682e+06,475054,382.55
88.7,6.73674e+06,475588,382.511
88.8,6.73667e+06,476122,382.471
88.9,6.73659e+06,476657,382.432
89,6.73651e+06,477191,382.392
89.1,6.73643e+06,477725,382.353
89.2,6.73636e+06,478260,382.313
89.3,6.73628e+06,478794,382.273
89.4,6.7362e+06,479328,382.234
89.5,6.73612e+06,479863,382.194
89.6,6.73605e+06,480397,382.154
89.7,6.73597e+06,480931,382.114
89.8,6.73589e+06,481466,382.074
89.9,6.73581e+06,482000,382.035
90,6.73573e+06,482534,381.995
90.1,6.73565e+06,483069,381.955
90.2,6.73558e+06,483603,381.915
90.3,6.7355e+06,484137,381.874
90.4,6.73542e+06,484671,381.834
90.5,6.73534e+06,485206,381.794
90.6,6.73526e+06,485740,381.754
90.7,6.73518e+06,486274,381.714
90.8,6.7351e+06,486808,381.673
90.9,6.73502e+06,487343,381.633
91,6.73494e+06,487877,381.593
91.1,6.73487e+06,488411,381.552
91.2,6.73479e+06,488945,381.512
91.3,6.73471e+06,489479,381.471
91.4,6.73463e+06,490014,381.43
91.5,6.73455e+06,490548,381.39
91.6,6.73447e+06,491082,381.349
91.7,6.73439e+06,491616,381.308
91.8,6.73431e+06,492150,381.268
91.9,6.73423e+06,492684,381.227
92,6.73415e+06,493219,381.186
92.1,6.73407e+06,493753,381.145
92.2,6.73399e+06,494287,381.104
92.3,6.73391e+06,494821,381.063
92.4,6.73383e+06,495355,381.022
92.5,6.73375e+06,495889,380.981
92.6,6.73367e+06,496423,380.94
92.7,6.73359e+06,496957,380.899
92.8,6.7335e+06,497492,380.858
92.9,6.73342e+06,498026,380.816
93,6.73334e+06,498560,380.775
93.1,6.73326e+06,499094,380.734
93.2,6.73318e+06,499628,380.692
93.3,6.7331e+06,500162,380.651
93.4,6.73302e+06,500696,380.609
93.5,6.73294e+06,501230,380.568
93.6,6.73286e+06,501764,380.526
93.7,6.73277e+06,502298,380.485
93.8,6.73269e+06,502832,380.443
93.9,6.73261e+06,503366,380.401
94,6.73253e+06,503900,380.36
94.1,6.73245e+06,504434,380.318
94.2,6.73236e+06,504968,380.276
94.3,6.73228e+06,505502,380.234
94.4,6.7322e+06,506036,380.192
94.5,6.73212e+06,506570,380.15
94.6,6.73204e+06,507104,380.108
94.7,6.73195e+06,507638,380.066
94.8,6.73187e+06,508172,380.024
94.9,6.73179e+06,508706,379.982
95,6.73171e+06,509240,379.94
95.1,6.73162e+06,509774,379.897
95.2,6.73154e+06,510308,379.855
95.3,6.73146e+06,510842,379.813
95.4,6.73137e+06,511376,379.77
95.5,6.73129e+06,511910,379.728
95.6,6.73121e+06,512444,379.686
95.7,6.73112e+06,512978,379.643
95.8,6.73104e+06,513512,379.601
95.9,6.73096e+06,514046,379.558
96,6.73087e+06,514580,379.515
96.1,6.73079e+06,515113,379.473
96.2,6.73071e+06,515647,379.43
96.3,6.73062e+06,516181,379.387
96.4,6.73054e+06,516715,379.344
96.5,6.73045e+06,517249,379.302
96.6,6.73037e+06,517783,379.259
96.7,6.73029e+06,518317,379.216
96.8,6.7302e+06,518850,379.173
96.9,6.73012e+06,519384,379.13
97,6.73003e+06,519918,379.087
97.1,6.72995e+06,520452,379.043
97.2,6.72986e+06,520986,379
97.3,6.72978e+06,521520,378.957
97.4,6.7297e+06,522053,378.914
97.5,6.72961e+06,522587,378.871
97.6,6.72953e+06,523121,378.827
97.7,6.72944e+06,523655,378.784
97.8,6.72936e+06,524189,378.74
97.9,6.72927e+06,524722,378.697
98,6.72918e+06,525256,378.653
98.1,6.7291e+06,525790,378.61
98.2,6.72901e+06,526324,378.566
98.3,6.72893e+06,526857,378.523
98.4,6.72884e+06,527391,378.479
98.5,6.72876e+06,527925,378.435
98.6,6.72867e+06,528458,378.391
98.7,6.72859e+06,528992,378.347
98.8,6.7285e+06,529526,378.304
98.9,6.72841e+06,530060,378.26
99,6.72833e+06,530593,378.216
99.1,6.72824e+06,531127,378.172
99.2,6.72815e+06,531661,378.128
99.3,6.72807e+06,532194,378.084
99.4,6.72798e+06,532728,378.039
99.5,6.72789e+06,533262,377.995
99.6,6.72781e+06,533795,377.951
99.7,6.72772e+06,534329,377.907
99.8,6.72763e+06,534863,377.862
99.9,6.72755e+06,535396,377.818
100,6.72746e+06,535930,377.774
100.1,6.72737e+06,536463,377.729
100.2,6.72729e+06,536997,377.685
100.3,6.7272e+06,537531,377.64
100.4,6.72711e+06,538064,377.595
100.5,6.72702e+06,538598,377.551
100.6,6.72694e+06,539131,377.506
100.7,6.72685e+06,539665,377.461
100.8,6.72676e+06,540199,377.417
100.9,6.72667e+06,540732,377.372
101,6.72659e+06,541266,377.327
101.1,6.7265e+06,541799,377.282
101.2,6.72641e+06,542333,377.237
101.3,6.72632e+06,542866,377.192
101.4,6.72623e+06,543400,377.147
101.5,6.72614e+06,543933,377.102
101.6,6.72606e+06,544467,377.057
101.7,6.72597e+06,545000,377.012
101.8,6.72588e+06,545534,376.967
101.9,6.72579e+06,546067,376.921
102,6.7257e+06,546601,376.876
102.1,6.72561e+06,547134,376.831
102.2,6.72552e+06,547668,376.785
102.3,6.72543e+06,548201,376.74
102.4,6.72535e+06,548735,376.694
102.5,6.72526e+06,549268,376.649
102.6,6.72517e+06,549802,376.603
102.7,6.72508e+06,550335,376.558
102.8,6.72499e+06,550868,376.512
102.9,6.7249e+06,551402,376.466
103,6.72481e+06,551935,376.421
103.1,6.72472e+06,552469,376.375
103.2,6.72463e+06,553002,376.329
103.3,6.72454e+06,553535,376.283
103.4,6.72445e+06,554069,376.237
103.5,6.72436e+06,554602,376.191
103.6,6.72427e+06,555136,376.145
103.7,6.72418e+06,555669,376.099
103.8,6.72409e+06,556202,376.053
103.9,6.724e+06,556736,376.007
104,6.72391e+06,557269,375.961
104.1,6.72382e+06,557802,375.914
104.2,6.72373e+06,558336,375.868
104.3,6.72364e+06,558869,375.822
104.4,6.72354e+06,559402,375.775
104.5,6.72345e+06,559936,375.729
104.6,6.72336e+06,560469,375.682
104.7,6.72327e+06,561002,375.636
104.8,6.72318e+06,561535,375.589
104.9,6.72309e+06,562069,375.543
105,6.723e+06,562602,375.496
105.1,6.72291e+06,563135,375.45
105.2,6.72281e+06,563669,375.403
105.3,6.72272e+06,564202,375.356
105.4,6.72263e+06,564735,375.309
105.5,6.72254e+06,565268,375.262
105.6,6.72245e+06,565801,375.215
105.7,6.72235e+06,566335,375.169
105.8,6.72226e+06,566868,375.122
105.9,6.72217e+06,567401,375.074
106,6.72208e+06,567934,375.027
106.1,6.72199e+06,568467,374.98
106.2,6.72189e+06,569001,374.933
106.3,6.7218e+06,569534,374.886
106.4,6.72171e+06,570067,374.839
106.5,6.72162e+06,570600,374.791
106.6,6.72152e+06,571133,374.744
106.7,6.72143e+06,571666,374.697
106.8,6.72134e+06,572200,374.649
106.9,6.72124e+06,572733,374.602
107,6.72115e+06,573266,374.554
107.1,6.72106e+06,573799,374.507
107.2,6.72096e+06,574332,374.459
107.3,6.72087e+06,574865,374.411
107.4,6.72078e+06,575398,374.364
107.5,6.72068e+06,575931,374.316
107.6,6.72059e+06,576464,374.268
107.7,6.7205e+06,576997,374.22
107.8,6.7204e+06,577531,374.172
107.9,6.72031e+06,578064,374.124
108,6.72021e+06,578597,374.076
108.1,6.72012e+06,579130,374.028
108.2,6.72003e+06,579663,373.98
108.3,6.71993e+06,580196,373.932
108.4,6.71984e+06,580729,373.884
108.5,6.71974e+06,581262,373.836
108.6,6.71965e+06,581795,373.788
108.7,6.71955e+06,582328,373.739
108.8,6.71946e+06,582861,373.691
108.9,6.71936e+06,583394,373.643
109,6.71927e+06,583927,373.594
109.1,6.71917e+06,584460,373.546
109.2,6.71908e+06,584993,373.497
109.3,6.71898e+06,585526,373.449
109.4,6.71889e+06,586058,373.4
109.5,6.71879e+06,586591,373.351
109.6,6.7187e+06,587124,373.303
109.7,6.7186e+06,587657,373.254
109.8,6.71851e+06,588190,373.205
109.9,6.71841e+06,588723,373.156
110,6.71832e+06,589256,373.108
110.1,6.71822e+06,589789,373.059
110.2,6.71812e+06,590322,373.01
110.3,6.71803e+06,590855,372.961
110.4,6.71793e+06,591387,372.912
110.5,6.71784e+06,591920,372.863
110.6,6.71774e+06,592453,372.813
110.7,6.71764e+06,592986,372.764
110.8,6.71755e+06,593519,372.715
110.9,6.71745e+06,594052,372.666
111,6.71735e+06,594584,372.617
111.1,6.71726e+06,595117,372.567
111.2,6.71716e+06,595650,372.518
111.3,6.71706e+06,596183,372.468
111.4,6.71697e+06,596716,372.419
111.5,6.71687e+06,597248,372.369
111.6,6.71677e+06,597781,372.32
111.7,6.71667e+06,598314,372.27
111.8,6.71658e+06,598847,372.22
111.9,6.71648e+06,599379,372.171
112,6.71638e+06,599912,372.121
112.1,6.71628e+06,600445,372.071
112.2,6.71619e+06,600978,372.021
112.3,6.71609e+06,601510,371.971
112.4,6.71599e+06,602043,371.922
112.5,6.71589e+06,602576,371.872
112.6,6.71579e+06,603108,371.822
112.7,6.7157e+06,603641,371.771
112.8,6.7156e+06,604174,371.721
112.9,6.7155e+06,604707,371.671
113,6.7154e+06,605239,371.621
113.1,6.7153e+06,605772,371.571
113.2,6.7152e+06,606304,371.52
113.3,6.71511e+06,606837,371.47
113.4,6.71501e+06,607370,371.42
113.5,6.71491e+06,607902,371.369
113.6,6.71481e+06,608435,371.319
113.7,6.71471e+06,608968,371.268
113.8,6.71461e+06,609500,371.218
113.9,6.71451e+06,610033,371.167
114,6.71441e+06,610565,371.117
114.1,6.71431e+06,611098,371.066
114.2,6.71421e+06,611630,371.015
114.3,6.71411e+06,612163,370.964
114.4,6.71402e+06,612696,370.914
114.5,6.71392e+06,613228,370.863
114.6,6.71382e+06,613761,370.812
114.7,6.71372e+06,614293,370.761
114.8,6.71362e+06,614826,370.71
114.9,6.71352e+06,615358,370.659
115,6.71342e+06,615891,370.608
115.1,6.71332e+06,616423,370.557
115.2,6.71322e+06,616956,370.505
115.3,6.71311e+06,617488,370.454
115.4,6.71301e+06,618021,370.403
115.5,6.71291e+06,618553,370.352
115.6,6.71281e+06,619086,370.3
115.7,6.71271e+06,619618,370.249
115.8,6.71261e+06,620150,370.197
115.9,6.71251e+06,620683,370.146
116,6.71241e+06,621215,370.094
116.1,6.71231e+06,621748,370.043
116.2,6.71221e+06,622280,369.991
116.3,6.71211e+06,622813,369.939
116.4,6.712e+06,623345,369.888
116.5,6.7119e+06,623877,369.836
116.6,6.7118e+06,624410,369.784
116.7,6.7117e+06,624942,369.732
116.8,6.7116e+06,625474,369.68
116.9,6.7115e+06,626007,369.628
117,6.71139e+06,626539,369.577
117.1,6.71129e+06,627071,369.524
117.2,6.71119e+06,627604,369.472
117.3,6.71109e+06,628136,369.42
117.4,6.71099e+06,628668,369.368
117.5,6.71088e+06,629201,369.316
117.6,6.71078e+06,629733,369.264
117.7,6.71068e+06,630265,369.211
117.8,6.71058e+06,630798,369.159
117.9,6.71047e+06,631330,369.107
118,6.71037e+06,631862,369.054
118.1,6.71027e+06,632394,369.002
118.2,6.71017e+06,632927,368.949
118.3,6.71006e+06,633459,368.897
118.4,6.70996e+06,633991,368.844
118.5,6.70986e+06,634523,368.791
118.6,6.70975e+06,635055,368.739
118.7,6.70965e+06,635588,368.686
118.8,6.70955e+06,636120,368.633
118.9,6.70944e+06,636652,368.58
119,6.70934e+06,637184,368.528
119.1,6.70924e+06,637716,368.475
119.2,6.70913e+06,638249,368.422
119.3,6.70903e+06,638781,368.369
119.4,6.70892e+06,639313,368.316
119.5,6.70882e+06,639845,368.263
119.6,6.70872e+06,640377,368.209
119.7,6.70861e+06,640909,368.156
119.8,6.70851e+06,641441,368.103
119.9,6.7084e+06,641973,368.05
120,6.7083e+06,642505,367.996
120.1,6.70819e+06,643038,367.943
120.2,6.70809e+06,643570,367.89
120.3,6.70798e+06,644102,367.836
120.4,6.70788e+06,644634,367.783
120.5,6.70777e+06,645166,367.729
120.6,6.70767e+06,645698,367.676
120.7,6.70756e+06,646230,367.622
120.8,6.70746e+06,646762,367.568
120.9,6.70735e+06,647294,367.515
121,6.70725e+06,647826,367.461
121.1,6.70714e+06,648358,367.407
121.2,6.70704e+06,648890,367.353
121.3,6.70693e+06,649422,367.299
121.4,6.70683e+06,649954,367.245
121.5,6.70672e+06,650486,367.191
121.6,6.70661e+06,651018,367.137
121.7,6.70651e+06,651550,367.083
121.8,6.7064e+06,652082,367.029
121.9,6.7063e+06,652614,366.975
122,6.70619e+06,653146,366.921
122.1,6.70608e+06,653678,366.866
122.2,6.70598e+06,654209,366.812
122.3,6.70587e+06,654741,366.758
122.4,6.70576e+06,655273,366.703
122.5,6.70566e+06,655805,366.649
122.6,6.70555e+06,656337,366.594
122.7,6.70544e+06,656869,366.54
122.8,6.70534e+06,657401,366.485
122.9,6.70523e+06,657933,366.431
123,6.70512e+06,658464,366.376
123.1,6.70501e+06,658996,366.321
123.2,6.70491e+06,659528,366.267
123.3,6.7048e+06,660060,366.212
123.4,6.70469e+06,660592,366.157
123.5,6.70459e+06,661123,366.102
123.6,6.70448e+06,661655,366.047
123.7,6.70437e+06,662187,365.992
123.8,6.70426e+06,662719,365.937
123.9,6.70415e+06,663251,365.882
124,6.70405e+06,663782,365.827
124.1,6.70394e+06,664314,365.772
124.2,6.70383e+06,664846,365.717
124.3,6.70372e+06,665377,365.662
124.4,6.70361e+06,665909,365.606
124.5,6.7035e+06,666441,365.551
124.6,6.7034e+06,666973,365.496
124.7,6.70329e+06,667504,365.44
124.8,6.70318e+06,668036,365.385
124.9,6.70307e+06,668568,365.329
125,6.70296e+06,669099,365.274
125.1,6.70285e+06,669631,365.218
125.2,6.70274e+06,670163,365.162
125.3,6.70263e+06,670694,365.107
125.4,6.70252e+06,671226,365.051
125.5,6.70242e+06,671758,364.995
125.6,6.70231e+06,672289,364.939
125.7,6.7022e+06,672821,364.884
125.8,6.70209e+06,673352,364.828
125.9,6.70198e+06,673884,364.772
126,6.70187e+06,674416,364.716
126.1,6.70176e+06,674947,364.66
126.2,6.70165e+06,675479,364.604
126.3,6.70154e+06,676010,364.548
126.4,6.70143e+06,676542,364.491
126.5,6.70132e+06,677073,364.435
126.6,6.70121e+06,677605,364.379
126.7,6.7011e+06,678136,364.323
126.8,6.70099e+06,678668,364.266
126.9,6.70088e+06,679199,364.21
127,6.70077e+06,679731,364.153
127.1,6.70065e+06,680262,364.097
127.2,6.70054e+06,680794,364.04
127.3,6.70043e+06,681325,363.984
127.4,6.70032e+06,681857,363.927
127.5,6.70021e+06,682388,363.871
127.6,6.7001e+06,682920,363.814
127.7,6.69999e+06,683451,363.757
127.8,6.69988e+06,683982,363.7
127.9,6.69977e+06,684514,363.643
128,6.69965e+06,685045,363.587
128.1,6.69954e+06,685577,363.53
128.2,6.69943e+06,686108,363.473
128.3,6.69932e+06,686639,363.416
128.4,6.69921e+06,687171,363.359
128.5,6.6991e+06,687702,363.302
128.6,6.69898e+06,688233,363.244
128.7,6.69887e+06,688765,363.187
128.8,6.69876e+06,689296,363.13
128.9,6.69865e+06,689827,363.073
129,6.69853e+06,690359,363.015
129.1,6.69842e+06,690890,362.958
129.2,6.69831e+06,691421,362.901
129.3,6.6982e+06,691953,362.843
129.4,6.69808e+06,692484,362.786
129.5,6.69797e+06,693015,362.728
129.6,6.69786e+06,693546,362.67
129.7,6.69775e+06,694078,362.613
129.8,6.69763e+06,694609,362.555
129.9,6.69752e+06,695140,362.497
130,6.69741e+06,695671,362.44
130.1,6.69729e+06,696203,362.382
130.2,6.69718e+06,696734,362.324
130.3,6.69707e+06,697265,362.266
130.4,6.69695e+06,697796,362.208
130.5,6.69684e+06,698327,362.15
130.6,6.69672e+06,698858,362.092
130.7,6.69661e+06,699390,362.034
130.8,6.6965e+06,699921,361.976
130.9,6.69638e+06,700452,361.918
131,6.69627e+06,700983,361.859
131.1,6.69615e+06,701514,361.801
131.2,6.69604e+06,702045,361.743
131.3,6.69593e+06,702576,361.684
131.4,6.69581e+06,703107,361.626
131.5,6.6957e+06,703639,361.568
131.6,6.69558e+06,704170,361.509
131.7,6.69547e+06,704701,361.451
131.8,6.69535e+06,705232,361.392
131.9,6.69524e+06,705763,361.333
132,6.69512e+06,706294,361.275
132.1,6.69501e+06,706825,361.216
132.2,6.69489e+06,707356,361.157
132.3,6.69478e+06,707887,361.098
132.4,6.69466e+06,708418,361.04
132.5,6.69455e+06,708949,360.981
132.6,6.69443e+06,709480,360.922
132.7,6.69432e+06,710011,360.863
132.8,6.6942e+06,710542,360.804
132.9,6.69408e+06,711073,360.745
133,6.69397e+06,711604,360.686
133.1,6.69385e+06,712135,360.626
133.2,6.69374e+06,712666,360.567
133.3,6.69362e+06,713196,360.508
133.4,6.6935e+06,713727,360.449
133.5,6.69339e+06,714258,360.389
133.6,6.69327e+06,714789,360.33
133.7,6.69315e+06,715320,360.271
133.8,6.69304e+06,715851,360.211
133.9,6.69292e+06,716382,360.152
134,6.6928e+06,716913,360.092
134.1,6.69269e+06,717444,360.032
134.2,6.69257e+06,717974,359.973
134.3,6.69245e+06,718505,359.913
134.4,6.69234e+06,719036,359.853
134.5,6.69222e+06,719567,359.794
134.6,6.6921e+06,720098,359.734
134.7,6.69199e+06,720628,359.674
134.8,6.69187e+06,721159,359.614
134.9,6.69175e+06,721690,359.554
135,6.69163e+06,722221,359.494
135.1,6.69151e+06,722751,359.434
135.2,6.6914e+06,723282,359.374
135.3,6.69128e+06,723813,359.314
135.4,6.69116e+06,724344,359.253
135.5,6.69104e+06,724874,359.193
135.6,6.69093e+06,725405,359.133
135.7,6.69081e+06,725936,359.073
135.8,6.69069e+06,726466,359.012
135.9,6.69057e+06,726997,358.952
136,6.69045e+06,727528,358.891
136.1,6.69033e+06,728058,358.831
136.2,6.69021e+06,728589,358.77
136.3,6.6901e+06,729120,358.71
136.4,6.68998e+06,729650,358.649
136.5,6.68986e+06,730181,358.589
136.6,6.68974e+06,730711,358.528
136.7,6.68962e+06,731242,358.467
136.8,6.6895e+06,731773,358.406
136.9,6.68938e+06,732303,358.345
137,6.68926e+06,732834,358.284
137.1,6.68914e+06,733364,358.224
137.2,6.68902e+06,733895,358.163
137.3,6.6889e+06,734425,358.102
137.4,6.68878e+06,734956,358.04
137.5,6.68866e+06,735487,357.979
137.6,6.68854e+06,736017,357.918
137.7,6.68842e+06,736548,357.857
137.8,6.6883e+06,737078,357.796
137.9,6.68818e+06,737609,357.734
138,6.68806e+06,738139,357.673
138.1,6.68794e+06,738669,357.612
138.2,6.68782e+06,739200,357.55
138.3,6.6877e+06,739730,357.489
138.4,6.68758e+06,740261,357.427
138.5,6.68746e+06,740791,357.366
138.6,6.68734e+06,741322,357.304
138.7,6.68722e+06,741852,357.242
138.8,6.6871e+06,742382,357.181
138.9,6.68698e+06,742913,357.119
139,6.68686e+06,743443,357.057
139.1,6.68673e+06,743974,356.995
139.2,6.68661e+06,744504,356.933
139.3,6.68649e+06,745034,356.872
139.4,6.68637e+06,745565,356.81
139.5,6.68625e+06,746095,356.748
139.6,6.68613e+06,746625,356.685
139.7,6.68601e+06,747156,356.623
139.8,6.68588e+06,747686,356.561
139.9,6.68576e+06,748216,356.499
140,6.68564e+06,748746,356.437
140.1,6.68552e+06,749277,356.375
140.2,6.6854e+06,749807,356.312
140.3,6.68527e+06,750337,356.25
140.4,6.68515e+06,750867,356.187
140.5,6.68503e+06,751398,356.125
140.6,6.68491e+06,751928,356.062
140.7,6.68478e+06,752458,356
140.8,6.68466e+06,752988,355.937
140.9,6.68454e+06,753518,355.875
141,6.68442e+06,754049,355.812
141.1,6.68429e+06,754579,355.749
141.2,6.68417e+06,755109,355.686
141.3,6.68405e+06,755639,355.624
141.4,6.68392e+06,756169,355.561
141.5,6.6838e+06,756699,355.498
141.6,6.68368e+06,757229,355.435
141.7,6.68355e+06,757760,355.372
141.8,6.68343e+06,758290,355.309
141.9,6.68331e+06,758820,355.246
142,6.68318e+06,759350,355.183
142.1,6.68306e+06,759880,355.12
142.2,6.68293e+06,760410,355.056
142.3,6.68281e+06,760940,354.993
142.4,6.68269e+06,761470,354.93
142.5,6.68256e+06,762000,354.866
142.6,6.68244e+06,762530,354.803
142.7,6.68231e+06,763060,354.74
142.8,6.68219e+06,763590,354.676
142.9,6.68206e+06,764120,354.613
143,6.68194e+06,764650,354.549
143.1,6.68182e+06,765180,354.485
143.2,6.68169e+06,765710,354.422
143.3,6.68157e+06,766240,354.358
143.4,6.68144e+06,766770,354.294
143.5,6.68132e+06,767300,354.23
143.6,6.68119e+06,767830,354.167
143.7,6.68106e+06,768360,354.103
143.8,6.68094e+06,768890,354.039
143.9,6.68081e+06,769419,353.975
144,6.68069e+06,769949,353.911
144.1,6.68056e+06,770479,353.847
144.2,6.68044e+06,771009,353.783
144.3,6.68031e+06,771539,353.718
144.4,6.68019e+06,772069,353.654
144.5,6.68006e+06,772599,353.59
144.6,6.67993e+06,773128,353.526
144.7,6.67981e+06,773658,353.461
144.8,6.67968e+06,774188,353.397
144.9,6.67956e+06,774718,353.333
145,6.67943e+06,775248,353.268
145.1,6.6793e+06,775777,353.204
145.2,6.67918e+06,776307,353.139
145.3,6.67905e+06,776837,353.074
145.4,6.67892e+06,777367,353.01
145.5,6.6788e+06,777896,352.945
145.6,6.67867e+06,778426,352.88
145.7,6.67854e+06,778956,352.816
145.8,6.67841e+06,779485,352.751
145.9,6.67829e+06,780015,352.686
146,6.67816e+06,780545,352.621
146.1,6.67803e+06,781074,352.556
146.2,6.67791e+06,781604,352.491
146.3,6.67778e+06,782134,352.426
146.4,6.67765e+06,782663,352.361
146.5,6.67752e+06,783193,352.296
146.6,6.6774e+06,783723,352.23
146.7,6.67727e+06,784252,352.165
146.8,6.67714e+06,784782,352.1
146.9,6.67701e+06,785311,352.035
147,6.67688e+06,785841,351.969
147.1,6.67676e+06,786371,351.904
147.2,6.67663e+06,786900,351.838
147.3,6.6765e+06,787430,351.773
147.4,6.67637e+06,787959,351.707
147.5,6.67624e+06,788489,351.642
147.6,6.67611e+06,789018,351.576
147.7,6.67598e+06,789548,351.511
147.8,6.67586e+06,790077,351.445
147.9,6.67573e+06,790607,351.379
148,6.6756e+06,791136,351.313
148.1,6.67547e+06,791666,351.247
148.2,6.67534e+06,792195,351.181
148.3,6.67521e+06,792724,351.116
148.4,6.67508e+06,793254,351.05
148.5,6.67495e+06,793783,350.984
148.6,6.67482e+06,794313,350.917
148.7,6.67469e+06,794842,350.851
148.8,6.67456e+06,795372,350.785
148.9,6.67443e+06,795901,350.719
149,6.6743e+06,796430,350.653
149.1,6.67417e+06,796960,350.586
149.2,6.67404e+06,797489,350.52
149.3,6.67391e+06,798018,350.454
149.4,6.67378e+06,798548,350.387
149.5,6.67365e+06,799077,350.321
149.6,6.67352e+06,799606,350.254
149.7,6.67339e+06,800136,350.188
149.8,6.67326e+06,800665,350.121
149.9,6.67313e+06,801194,350.054
150,6.673e+06,801723,349.988
150.1,6.67287e+06,802253,349.921
150.2,6.67274e+06,802782,349.854
150.3,6.67261e+06,803311,349.787
150.4,6.67248e+06,803840,349.72
150.5,6.67234e+06,804370,349.653
150.6,6.67221e+06,804899,349.587
150.7,6.67208e+06,805428,349.519
150.8,6.67195e+06,805957,349.452
150.9,6.67182e+06,806486,349.385
151,6.67169e+06,807015,349.318
151.1,6.67155e+06,807545,349.251
151.2,6.67142e+06,808074,349.184
151.3,6.67129e+06,808603,349.116
151.4,6.67116e+06,809132,349.049
151.5,6.67103e+06,809661,348.982
151.6,6.6709e+06,810190,348.914
151.7,6.67076e+06,810719,348.847
151.8,6.67063e+06,811248,348.779
151.9,6.6705e+06,811777,348.712
152,6.67037e+06,812306,348.644
152.1,6.67023e+06,812835,348.577
152.2,6.6701e+06,813364,348.509
152.3,6.66997e+06,813893,348.441
152.4,6.66983e+06,814422,348.373
152.5,6.6697e+06,814951,348.306
152.6,6.66957e+06,815480,348.238
152.7,6.66944e+06,816009,348.17
152.8,6.6693e+06,816538,348.102
152.9,6.66917e+06,817067,348.034
153,6.66904e+06,817596,347.966
153.1,6.6689e+06,818125,347.898
153.2,6.66877e+06,818654,347.83
153.3,6.66864e+06,819183,347.761
153.4,6.6685e+06,819712,347.693
153.5,6.66837e+06,820241,347.625
153.6,6.66823e+06,820770,347.557
153.7,6.6681e+06,821299,347.488
153.8,6.66797e+06,821827,347.42
153.9,6.66783e+06,822356,347.351
154,6.6677e+06,822885,347.283
154.1,6.66756e+06,823414,347.214
154.2,6.66743e+06,823943,347.146
154.3,6.66729e+06,824472,347.077
154.4,6.66716e+06,825000,347.009
154.5,6.66702e+06,825529,346.94
154.6,6.66689e+06,826058,346.871
154.7,6.66675e+06,826587,346.802
154.8,6.66662e+06,827115,346.733
154.9,6.66648e+06,827644,346.664
155,6.66635e+06,828173,346.596
155.1,6.66621e+06,828702,346.527
155.2,6.66608e+06,829230,346.458
155.3,6.66594e+06,829759,346.388
155.4,6.66581e+06,830288,346.319
155.5,6.66567e+06,830816,346.25
155.6,6.66554e+06,831345,346.181
155.7,6.6654e+06,831874,346.112
155.8,6.66527e+06,832402,346.042
155.9,6.66513e+06,832931,345.973
156,6.66499e+06,833459,345.904
156.1,6.66486e+06,833988,345.834
156.2,6.66472e+06,834517,345.765
156.3,6.66459e+06,835045,345.695
156.4,6.66445e+06,835574,345.626
156.5,6.66431e+06,836102,345.556
156.6,6.66418e+06,836631,345.486
156.7,6.66404e+06,837160,345.417
156.8,6.6639e+06,837688,345.347
156.9,6.66377e+06,838217,345.277
157,6.66363e+06,838745,345.207
157.1,6.66349e+06,839274,345.138
157.2,6.66335e+06,839802,345.068
157.3,6.66322e+06,840331,344.998
157.4,6.66308e+06,840859,344.928
157.5,6.66294e+06,841387,344.858
157.6,6.66281e+06,841916,344.788
157.7,6.66267e+06,842444,344.717
157.8,6.66253e+06,842973,344.647
157.9,6.66239e+06,843501,344.577
158,6.66226e+06,844030,344.507
158.1,6.66212e+06,844558,344.436
158.2,6.66198e+06,845086,344.366
158.3,6.66184e+06,845615,344.296
158.4,6.6617e+06,846143,344.225
158.5,6.66157e+06,846671,344.155
158.6,6.66143e+06,847200,344.084
158.7,6.66129e+06,847728,344.013
158.8,6.66115e+06,848256,343.943
158.9,6.66101e+06,848785,343.872
159,6.66087e+06,849313,343.801
159.1,6.66073e+06,849841,343.731
159.2,6.6606e+06,850369,343.66
159.3,6.66046e+06,850898,343.589
159.4,6.66032e+06,851426,343.518
159.5,6.66018e+06,851954,343.447
159.6,6.66004e+06,852482,343.376
159.7,6.6599e+06,853011,343.305
159.8,6.65976e+06,853539,343.234
159.9,6.65962e+06,854067,343.163
160,6.65948e+06,854595,343.092
160.1,6.65934e+06,855123,343.02
160.2,6.6592e+06,855651,342.949
160.3,6.65906e+06,856180,342.878
160.4,6.65892e+06,856708,342.807
160.5,6.65878e+06,857236,342.735
160.6,6.65864e+06,857764,342.664
160.7,6.6585e+06,858292,342.592
160.8,6.65836e+06,858820,342.521
160.9,6.65822e+06,859348,342.449
161,6.65808e+06,859876,342.378
161.1,6.65794e+06,860404,342.306
161.2,6.6578e+06,860932,342.234
161.3,6.65766e+06,861460,342.162
161.4,6.65752e+06,861988,342.091
161.5,6.65738e+06,862516,342.019
161.6,6.65724e+06,863044,341.947
161.7,6.6571e+06,863572,341.875
161.8,6.65696e+06,864100,341.803
161.9,6.65681e+06,864628,341.731
162,6.65667e+06,865156,341.659
162.1,6.65653e+06,865684,341.587
162.2,6.65639e+06,866212,341.515
162.3,6.65625e+06,866740,341.442
162.4,6.65611e+06,867268,341.37
162.5,6.65597e+06,867796,341.298
162.6,6.65582e+06,868324,341.226
162.7,6.65568e+06,868851,341.153
162.8,6.65554e+06,869379,341.081
162.9,6.6554e+06,869907,341.008
163,6.65526e+06,870435,340.936
163.1,6.65511e+06,870963,340.863
163.2,6.65497e+06,871491,340.791
163.3,6.65483e+06,872018,340.718
163.4,6.65469e+06,872546,340.645
163.5,6.65454e+06,873074,340.572
163.6,6.6544e+06,873602,340.5
163.7,6.65426e+06,874129,340.427
163.8,6.65412e+06,874657,340.354
163.9,6.65397e+06,875185,340.281
164,6.65383e+06,875713,340.208
164.1,6.65369e+06,876240,340.135
164.2,6.65354e+06,876768,340.062
164.3,6.6534e+06,877296,339.989
164.4,6.65326e+06,877823,339.916
164.5,6.65311e+06,878351,339.843
164.6,6.65297e+06,878879,339.769
164.7,6.65283e+06,879406,339.696
164.8,6.65268e+06,879934,339.623
164.9,6.65254e+06,880462,339.549
165,6.65239e+06,880989,339.476
165.1,6.65225e+06,881517,339.403
165.2,6.65211e+06,882044,339.329
165.3,6.65196e+06,882572,339.256
165.4,6.65182e+06,883099,339.182
165.5,6.65167e+06,883627,339.108
165.6,6.65153e+06,884155,339.035
165.7,6.65138e+06,884682,338.961
165.8,6.65124e+06,885210,338.887
165.9,6.65109e+06,885737,338.813
166,6.65095e+06,886265,338.739
166.1,6.65081e+06,886792,338.666
166.2,6.65066e+06,887320,338.592
166.3,6.65052e+06,887847,338.518
166.4,6.65037e+06,888374,338.444
166.5,6.65023e+06,888902,338.369
166.6,6.65008e+06,889429,338.295
166.7,6.64993e+06,889957,338.221
166.8,6.64979e+06,890484,338.147
166.9,6.64964e+06,891011,338.073
167,6.6495e+06,891539,337.998
167.1,6.64935e+06,892066,337.924
167.2,6.64921e+06,892593,337.85
167.3,6.64906e+06,893121,337.775
167.4,6.64891e+06,893648,337.701
167.5,6.64877e+06,894175,337.626
167.6,6.64862e+06,894703,337.552
167.7,6.64848e+06,895230,337.477
167.8,6.64833e+06,895757,337.402
167.9,6.64818e+06,896285,337.328
168,6.64804e+06,896812,337.253
168.1,6.64789e+06,897339,337.178
168.2,6.64774e+06,897866,337.103
168.3,6.6476e+06,898393,337.028
168.4,6.64745e+06,898921,336.953
168.5,6.6473e+06,899448,336.878
168.6,6.64716e+06,899975,336.803
168.7,6.64701e+06,900502,336.728
168.8,6.64686e+06,901029,336.653
168.9,6.64671e+06,901556,336.578
169,6.64657e+06,902084,336.503
169.1,6.64642e+06,902611,336.428
169.2,6.64627e+06,903138,336.352
169.3,6.64612e+06,903665,336.277
169.4,6.64598e+06,904192,336.202
169.5,6.64583e+06,904719,336.126
169.6,6.64568e+06,905246,336.051
169.7,6.64553e+06,905773,335.975
169.8,6.64538e+06,906300,335.9
169.9,6.64524e+06,906827,335.824
170,6.64509e+06,907354,335.748
170.1,6.64494e+06,907881,335.673
170.2,6.64479e+06,908408,335.597
170.3,6.64464e+06,908935,335.521
170.4,6.64449e+06,909462,335.445
170.5,6.64434e+06,909989,335.37
170.6,6.6442e+06,910516,335.294
170.7,6.64405e+06,911043,335.218
170.8,6.6439e+06,911570,335.142
170.9,6.64375e+06,912097,335.066
171,6.6436e+06,912624,334.99
171.1,6.64345e+06,913151,334.913
171.2,6.6433e+06,913677,334.837
171.3,6.64315e+06,914204,334.761
171.4,6.643e+06,914731,334.685
171.5,6.64285e+06,915258,334.608
171.6,6.6427e+06,915785,334.532
171.7,6.64255e+06,916312,334.456
171.8,6.6424e+06,916838,334.379
171.9,6.64225e+06,917365,334.303
172,6.6421e+06,917892,334.226
172.1,6.64195e+06,918419,334.149
172.2,6.6418e+06,918945,334.073
172.3,6.64165e+06,919472,333.996
172.4,6.6415e+06,919999,333.919
172.5,6.64135e+06,920526,333.843
172.6,6.6412e+06,921052,333.766
172.7,6.64105e+06,921579,333.689
172.8,6.6409e+06,922106,333.612
172.9,6.64075e+06,922632,333.535
173,6.6406e+06,923159,333.458
173.1,6.64045e+06,923686,333.381
173.2,6.6403e+06,924212,333.304
173.3,6.64014e+06,924739,333.227
173.4,6.63999e+06,925265,333.15
173.5,6.63984e+06,925792,333.073
173.6,6.63969e+06,926319,332.995
173.7,6.63954e+06,926845,332.918
173.8,6.63939e+06,927372,332.841
173.9,6.63924e+06,927898,332.763
174,6.63908e+06,928425,332.686
174.1,6.63893e+06,928951,332.608
174.2,6.63878e+06,929478,332.531
174.3,6.63863e+06,930004,332.453
174.4,6.63848e+06,930531,332.376
174.5,6.63832e+06,931057,332.298
174.6,6.63817e+06,931584,332.22
174.7,6.63802e+06,932110,332.142
174.8,6.63787e+06,932637,332.065
174.9,6.63771e+06,933163,331.987
175,6.63756e+06,933689,331.909
175.1,6.63741e+06,934216,331.831
175.2,6.63726e+06,934742,331.753
175.3,6.6371e+06,935268,331.675
175.4,6.63695e+06,935795,331.597
175.5,6.6368e+06,936321,331.519
175.6,6.63664e+06,936848,331.441
175.7,6.63649e+06,937374,331.362
175.8,6.63634e+06,937900,331.284
175.9,6.63618e+06,938426,331.206
176,6.63603e+06,938953,331.128
176.1,6.63588e+06,939479,331.049
176.2,6.63572e+06,940005,330.971
176.3,6.63557e+06,940531,330.892
176.4,6.63541e+06,941058,330.814
176.5,6.63526e+06,941584,330.735
176.6,6.63511e+06,942110,330.657
176.7,6.63495e+06,942636,330.578
176.8,6.6348e+06,943162,330.499
176.9,6.63464e+06,943689,330.421
177,6.63449e+06,944215,330.342
177.1,6.63433e+06,944741,330.263
177.2,6.63418e+06,945267,330.184
177.3,6.63402e+06,945793,330.105
177.4,6.63387e+06,946319,330.026
177.5,6.63372e+06,946845,329.947
177.6,6.63356e+06,947371,329.868
177.7,6.63341e+06,947898,329.789
177.8,6.63325e+06,948424,329.71
177.9,6.63309e+06,948950,329.631
178,6.63294e+06,949476,329.551
178.1,6.63278e+06,950002,329.472
178.2,6.63263e+06,950528,329.393
178.3,6.63247e+06,951054,329.314
178.4,6.63232e+06,951580,329.234
178.5,6.63216e+06,952106,329.155
178.6,6.63201e+06,952632,329.075
178.7,6.63185e+06,953157,328.996
178.8,6.63169e+06,953683,328.916
178.9,6.63154e+06,954209,328.836
179,6.63138e+06,954735,328.757
179.1,6.63123e+06,955261,328.677
179.2,6.63107e+06,955787,328.597
179.3,6.63091e+06,956313,328.517
179.4,6.63076e+06,956839,328.438
179.5,6.6306e+06,957365,328.358
179.6,6.63044e+06,957890,328.278
179.7,6.63029e+06,958416,328.198
179.8,6.63013e+06,958942,328.118
179.9,6.62997e+06,959468,328.038
180,6.62981e+06,959994,327.957
180.1,6.62966e+06,960519,327.877
180.2,6.6295e+06,961045,327.797
180.3,6.62934e+06,961571,327.717
180.4,6.62919e+06,962097,327.636
180.5,6.62903e+06,962622,327.556
180.6,6.62887e+06,963148,327.476
180.7,6.62871e+06,963674,327.395
180.8,6.62855e+06,964199,327.315
180.9,6.6284e+06,964725,327.234
181,6.62824e+06,965251,327.154
181.1,6.62808e+06,965776,327.073
181.2,6.62792e+06,966302,326.992
181.3,6.62776e+06,966827,326.912
181.4,6.62761e+06,967353,326.831
181.5,6.62745e+06,967879,326.75
181.6,6.62729e+06,968404,326.669
181.7,6.62713e+06,968930,326.588
181.8,6.62697e+06,969455,326.507
181.9,6.62681e+06,969981,326.426
182,6.62665e+06,970506,326.345
182.1,6.6265e+06,971032,326.264
182.2,6.62634e+06,971557,326.183
182.3,6.62618e+06,972083,326.102
182.4,6.62602e+06,972608,326.021
182.5,6.62586e+06,973134,325.94
182.6,6.6257e+06,973659,325.858
182.7,6.62554e+06,974185,325.777
182.8,6.62538e+06,974710,325.696
182.9,6.62522e+06,975235,325.614
183,6.62506e+06,975761,325.533
183.1,6.6249e+06,976286,325.451
183.2,6.62474e+06,976812,325.37
183.3,6.62458e+06,977337,325.288
183.4,6.62442e+06,977862,325.206
183.5,6.62426e+06,978388,325.125
183.6,6.6241e+06,978913,325.043
183.7,6.62394e+06,979438,324.961
183.8,6.62378e+06,979964,324.879
183.9,6.62362e+06,980489,324.797
184,6.62346e+06,981014,324.716
184.1,6.6233e+06,981539,324.634
184.2,6.62314e+06,982065,324.552
184.3,6.62298e+06,982590,324.469
184.4,6.62282e+06,983115,324.387
184.5,6.62266e+06,983640,324.305
184.6,6.62249e+06,984165,324.223
184.7,6.62233e+06,984690,324.141
184.8,6.62217e+06,985216,324.059
184.9,6.62201e+06,985741,323.976
185,6.62185e+06,986266,323.894
185.1,6.62169e+06,986791,323.811
185.2,6.62153e+06,987316,323.729
185.3,6.62136e+06,987841,323.646
185.4,6.6212e+06,988366,323.564
185.5,6.62104e+06,988891,323.481
185.6,6.62088e+06,989416,323.399
185.7,6.62072e+06,989941,323.316
185.8,6.62055e+06,990466,323.233
185.9,6.62039e+06,990991,323.15
186,6.62023e+06,991516,323.068
186.1,6.62007e+06,992041,322.985
186.2,6.6199e+06,992566,322.902
186.3,6.61974e+06,993091,322.819
186.4,6.61958e+06,993616,322.736
186.5,6.61942e+06,994141,322.653
186.6,6.61925e+06,994666,322.57
186.7,6.61909e+06,995191,322.487
186.8,6.61893e+06,995716,322.403
186.9,6.61876e+06,996241,322.32
187,6.6186e+06,996766,322.237
187.1,6.61844e+06,997291,322.154
187.2,6.61827e+06,997815,322.07
187.3,6.61811e+06,998340,321.987
187.4,6.61795e+06,998865,321.903
187.5,6.61778e+06,999390,321.82
187.6,6.61762e+06,999915,321.736
187.7,6.61746e+06,1.00044e+06,321.653
187.8,6.61729e+06,1.00096e+06,321.569
187.9,6.61713e+06,1.00149e+06,321.486
188,6.61696e+06,1.00201e+06,321.402
188.1,6.6168e+06,1.00254e+06,321.318
188.2,6.61664e+06,1.00306e+06,321.234
188.3,6.61647e+06,1.00359e+06,321.15
188.4,6.61631e+06,1.00411e+06,321.067
188.5,6.61614e+06,1.00464e+06,320.983
188.6,6.61598e+06,1.00516e+06,320.899
188.7,6.61581e+06,1.00569e+06,320.815
188.8,6.61565e+06,1.00621e+06,320.73
188.9,6.61548e+06,1.00674e+06,320.646
189,6.61532e+06,1.00726e+06,320.562
189.1,6.61515e+06,1.00778e+06,320.478
189.2,6.61499e+06,1.00831e+06,320.394
189.3,6.61482e+06,1.00883e+06,320.309
189.4,6.61466e+06,1.00936e+06,320.225
189.5,6.61449e+06,1.00988e+06,320.141
189.6,6.61433e+06,1.01041e+06,320.056
189.7,6.61416e+06,1.01093e+06,319.972
189.8,6.61399e+06,1.01146e+06,319.887
189.9,6.61383e+06,1.01198e+06,319.803
190,6.61366e+06,1.01251e+06,319.718
190.1,6.6135e+06,1.01303e+06,319.633
190.2,6.61333e+06,1.01355e+06,319.549
190.3,6.61317e+06,1.01408e+06,319.464
190.4,6.613e+06,1.0146e+06,319.379
190.5,6.61283e+06,1.01513e+06,319.294
190.6,6.61267e+06,1.01565e+06,319.209
190.7,6.6125e+06,1.01618e+06,319.125
190.8,6.61233e+06,1.0167e+06,319.04
190.9,6.61217e+06,1.01723e+06,318.955
191,6.612e+06,1.01775e+06,318.869
191.1,6.61183e+06,1.01827e+06,318.784
191.2,6.61167e+06,1.0188e+06,318.699
191.3,6.6115e+06,1.01932e+06,318.614
191.4,6.61133e+06,1.01985e+06,318.529
191.5,6.61116e+06,1.02037e+06,318.443
191.6,6.611e+06,1.0209e+06,318.358
191.7,6.61083e+06,1.02142e+06,318.273
191.8,6.61066e+06,1.02194e+06,318.187
191.9,6.61049e+06,1.02247e+06,318.102
192,6.61033e+06,1.02299e+06,318.016
192.1,6.61016e+06,1.02352e+06,317.931
192.2,6.60999e+06,1.02404e+06,317.845
192.3,6.60982e+06,1.02456e+06,317.76
192.4,6.60966e+06,1.02509e+06,317.674
192.5,6.60949e+06,1.02561e+06,317.588
192.6,6.60932e+06,1.02614e+06,317.502
192.7,6.60915e+06,1.02666e+06,317.417
192.8,6.60898e+06,1.02719e+06,317.331
192.9,6.60881e+06,1.02771e+06,317.245
193,6.60865e+06,1.02823e+06,317.159
193.1,6.60848e+06,1.02876e+06,317.073
193.2,6.60831e+06,1.02928e+06,316.987
193.3,6.60814e+06,1.02981e+06,316.901
193.4,6.60797e+06,1.03033e+06,316.814
193.5,6.6078e+06,1.03085e+06,316.728
193.6,6.60763e+06,1.03138e+06,316.642
193.7,6.60746e+06,1.0319e+06,316.556
193.8,6.60729e+06,1.03243e+06,316.469
193.9,6.60713e+06,1.03295e+06,316.383
194,6.60696e+06,1.03347e+06,316.297
194.1,6.60679e+06,1.034e+06,316.21
194.2,6.60662e+06,1.03452e+06,316.124
194.3,6.60645e+06,1.03504e+06,316.037
194.4,6.60628e+06,1.03557e+06,315.951
194.5,6.60611e+06,1.03609e+06,315.864
194.6,6.60594e+06,1.03662e+06,315.777
194.7,6.60577e+06,1.03714e+06,315.691
194.8,6.6056e+06,1.03766e+06,315.604
194.9,6.60543e+06,1.03819e+06,315.517
195,6.60526e+06,1.03871e+06,315.43
195.1,6.60509e+06,1.03924e+06,315.343
195.2,6.60492e+06,1.03976e+06,315.256
195.3,6.60475e+06,1.04028e+06,315.169
195.4,6.60458e+06,1.04081e+06,315.082
195.5,6.6044e+06,1.04133e+06,314.995
195.6,6.60423e+06,1.04185e+06,314.908
195.7,6.60406e+06,1.04238e+06,314.821
195.8,6.60389e+06,1.0429e+06,314.734
195.9,6.60372e+06,1.04342e+06,314.646
196,6.60355e+06,1.04395e+06,314.559
196.1,6.60338e+06,1.04447e+06,314.472
196.2,6.60321e+06,1.045e+06,314.384
196.3,6.60304e+06,1.04552e+06,314.297
196.4,6.60286e+06,1.04604e+06,314.209
196.5,6.60269e+06,1.04657e+06,314.122
196.6,6.60252e+06,1.04709e+06,314.034
196.7,6.60235e+06,1.04761e+06,313.947
196.8,6.60218e+06,1.04814e+06,313.859
196.9,6.60201e+06,1.04866e+06,313.771
197,6.60183e+06,1.04918e+06,313.683
197.1,6.60166e+06,1.04971e+06,313.596
197.2,6.60149e+06,1.05023e+06,313.508
197.3,6.60132e+06,1.05075e+06,313.42
197.4,6.60114e+06,1.05128e+06,313.332
197.5,6.60097e+06,1.0518e+06,313.244
197.6,6.6008e+06,1.05232e+06,313.156
197.7,6.60063e+06,1.05285e+06,313.068
197.8,6.60045e+06,1.05337e+06,312.98
197.9,6.60028e+06,1.0539e+06,312.892
198,6.60011e+06,1.05442e+06,312.803
198.1,6.59994e+06,1.05494e+06,312.715
198.2,6.59976e+06,1.05547e+06,312.627
198.3,6.59959e+06,1.05599e+06,312.539
198.4,6.59942e+06,1.05651e+06,312.45
198.5,6.59924e+06,1.05704e+06,312.362
198.6,6.59907e+06,1.05756e+06,312.273
198.7,6.5989e+06,1.05808e+06,312.185
198.8,6.59872e+06,1.0586e+06,312.096
198.9,6.59855e+06,1.05913e+06,312.008
199,6.59837e+06,1.05965e+06,311.919
199.1,6.5982e+06,1.06017e+06,311.83
199.2,6.59803e+06,1.0607e+06,311.741
199.3,6.59785e+06,1.06122e+06,311.653
199.4,6.59768e+06,1.06174e+06,311.564
199.5,6.5975e+06,1.06227e+06,311.475
199.6,6.59733e+06,1.06279e+06,311.386
199.7,6.59716e+06,1.06331e+06,311.297
199.8,6.59698e+06,1.06384e+06,311.208
199.9,6.59681e+06,1.06436e+06,311.119
200,6.59663e+06,1.06488e+06,311.03
200.1,6.59646e+06,1.06541e+06,310.941
200.2,6.59628e+06,1.06593e+06,310.851
200.3,6.59611e+06,1.06645e+06,310.762
200.4,6.59593e+06,1.06697e+06,310.673
200.5,6.59576e+06,1.0675e+06,310.584
200.6,6.59558e+06,1.06802e+06,310.494
200.7,6.59541e+06,1.06854e+06,310.405
200.8,6.59523e+06,1.06907e+06,310.315
200.9,6.59506e+06,1.06959e+06,310.226
201,6.59488e+06,1.07011e+06,310.136
201.1,6.5947e+06,1.07064e+06,310.047
201.2,6.59453e+06,1.07116e+06,309.957
201.3,6.59435e+06,1.07168e+06,309.867
201.4,6.59418e+06,1.0722e+06,309.778
201.5,6.594e+06,1.07273e+06,309.688
201.6,6.59382e+06,1.07325e+06,309.598
201.7,6.59365e+06,1.07377e+06,309.508
201.8,6.59347e+06,1.0743e+06,309.418
201.9,6.5933e+06,1.07482e+06,309.328
202,6.59312e+06,1.07534e+06,309.238
202.1,6.59294e+06,1.07586e+06,309.148
202.2,6.59277e+06,1.07639e+06,309.058
202.3,6.59259e+06,1.07691e+06,308.968
202.4,6.59241e+06,1.07743e+06,308.878
202.5,6.59224e+06,1.07796e+06,308.788
202.6,6.59206e+06,1.07848e+06,308.697
202.7,6.59188e+06,1.079e+06,308.607
202.8,6.5917e+06,1.07952e+06,308.517
202.9,6.59153e+06,1.08005e+06,308.426
203,6.59135e+06,1.08057e+06,308.336
203.1,6.59117e+06,1.08109e+06,308.245
203.2,6.591e+06,1.08161e+06,308.155
203.3,6.59082e+06,1.08214e+06,308.064
203.4,6.59064e+06,1.08266e+06,307.973
203.5,6.59046e+06,1.08318e+06,307.883
203.6,6.59028e+06,1.0837e+06,307.792
203.7,6.59011e+06,1.08423e+06,307.701
203.8,6.58993e+06,1.08475e+06,307.611
203.9,6.58975e+06,1.08527e+06,307.52
204,6.58957e+06,1.08579e+06,307.429
204.1,6.58939e+06,1.08632e+06,307.338
204.2,6.58922e+06,1.08684e+06,307.247
204.3,6.58904e+06,1.08736e+06,307.156
204.4,6.58886e+06,1.08788e+06,307.065
204.5,6.58868e+06,1.08841e+06,306.974
204.6,6.5885e+06,1.08893e+06,306.882
204.7,6.58832e+06,1.08945e+06,306.791
204.8,6.58814e+06,1.08997e+06,306.7
204.9,6.58796e+06,1.0905e+06,306.609
205,6.58779e+06,1.09102e+06,306.517
205.1,6.58761e+06,1.09154e+06,306.426
205.2,6.58743e+06,1.09206e+06,306.334
205.3,6.58725e+06,1.09259e+06,306.243
205.4,6.58707e+06,1.09311e+06,306.151
205.5,6.58689e+06,1.09363e+06,306.06
205.6,6.58671e+06,1.09415e+06,305.968
205.7,6.58653e+06,1.09467e+06,305.876
205.8,6.58635e+06,1.0952e+06,305.785
205.9,6.58617e+06,1.09572e+06,305.693
206,6.58599e+06,1.09624e+06,305.601
206.1,6.58581e+06,1.09676e+06,305.509
206.2,6.58563e+06,1.09729e+06,305.417
206.3,6.58545e+06,1.09781e+06,305.326
206.4,6.58527e+06,1.09833e+06,305.234
206.5,6.58509e+06,1.09885e+06,305.142
206.6,6.58491e+06,1.09937e+06,305.049
206.7,6.58473e+06,1.0999e+06,304.957
206.8,6.58455e+06,1.10042e+06,304.865
206.9,6.58437e+06,1.10094e+06,304.773
207,6.58419e+06,1.10146e+06,304.681
207.1,6.584e+06,1.10198e+06,304.588
207.2,6.58382e+06,1.10251e+06,304.496
207.3,6.58364e+06,1.10303e+06,304.404
207.4,6.58346e+06,1.10355e+06,304.311
207.5,6.58328e+06,1.10407e+06,304.219
207.6,6.5831e+06,1.10459e+06,304.126
207.7,6.58292e+06,1.10512e+06,304.034
207.8,6.58274e+06,1.10564e+06,303.941
207.9,6.58255e+06,1.10616e+06,303.848
208,6.58237e+06,1.10668e+06,303.756
208.1,6.58219e+06,1.1072e+06,303.663
208.2,6.58201e+06,1.10773e+06,303.57
208.3,6.58183e+06,1.10825e+06,303.477
208.4,6.58164e+06,1.10877e+06,303.384
208.5,6.58146e+06,1.10929e+06,303.291
208.6,6.58128e+06,1.10981e+06,303.199
208.7,6.5811e+06,1.11034e+06,303.105
208.8,6.58091e+06,1.11086e+06,303.012
208.9,6.58073e+06,1.11138e+06,302.919
209,6.58055e+06,1.1119e+06,302.826
209.1,6.58037e+06,1.11242e+06,302.733
209.2,6.58018e+06,1.11294e+06,302.64
209.3,6.58e+06,1.11347e+06,302.546
209.4,6.57982e+06,1.11399e+06,302.453
209.5,6.57964e+06,1.11451e+06,302.36
209.6,6.57945e+06,1.11503e+06,302.266
209.7,6.57927e+06,1.11555e+06,302.173
209.8,6.57909e+06,1.11607e+06,302.079
209.9,6.5789e+06,1.1166e+06,301.986
210,6.57872e+06,1.11712e+06,301.892
210.1,6.57853e+06,1.11764e+06,301.798
210.2,6.57835e+06,1.11816e+06,301.705
210.3,6.57817e+06,1.11868e+06,301.611
210.4,6.57798e+06,1.1192e+06,301.517
210.5,6.5778e+06,1.11973e+06,301.423
210.6,6.57762e+06,1.12025e+06,301.33
210.7,6.57743e+06,1.12077e+06,301.236
210.8,6.57725e+06,1.12129e+06,301.142
210.9,6.57706e+06,1.12181e+06,301.048
211,6.57688e+06,1.12233e+06,300.954
211.1,6.57669e+06,1.12285e+06,300.86
211.2,6.57651e+06,1.12338e+06,300.765
211.3,6.57633e+06,1.1239e+06,300.671
211.4,6.57614e+06,1.12442e+06,300.577
211.5,6.57596e+06,1.12494e+06,300.483
211.6,6.57577e+06,1.12546e+06,300.388
211.7,6.57559e+06,1.12598e+06,300.294
211.8,6.5754e+06,1.1265e+06,300.2
211.9,6.57522e+06,1.12703e+06,300.105
212,6.57503e+06,1.12755e+06,300.011
212.1,6.57484e+06,1.12807e+06,299.916
212.2,6.57466e+06,1.12859e+06,299.821
212.3,6.57447e+06,1.12911e+06,299.727
212.4,6.57429e+06,1.12963e+06,299.632
212.5,6.5741e+06,1.13015e+06,299.537
212.6,6.57392e+06,1.13067e+06,299.443
212.7,6.57373e+06,1.1312e+06,299.348
212.8,6.57354e+06,1.13172e+06,299.253
212.9,6.57336e+06,1.13224e+06,299.158
213,6.57317e+06,1.13276e+06,299.063
213.1,6.57299e+06,1.13328e+06,298.968
213.2,6.5728e+06,1.1338e+06,298.873
213.3,6.57261e+06,1.13432e+06,298.778
213.4,6.57243e+06,1.13484e+06,298.683
213.5,6.57224e+06,1.13536e+06,298.588
213.6,6.57205e+06,1.13589e+06,298.492
213.7,6.57187e+06,1.13641e+06,298.397
213.8,6.57168e+06,1.13693e+06,298.302
213.9,6.57149e+06,1.13745e+06,298.206
214,6.57131e+06,1.13797e+06,298.111
214.1,6.57112e+06,1.13849e+06,298.016
214.2,6.57093e+06,1.13901e+06,297.92
214.3,6.57074e+06,1.13953e+06,297.825
214.4,6.57056e+06,1.14005e+06,297.729
214.5,6.57037e+06,1.14058e+06,297.633
214.6,6.57018e+06,1.1411e+06,297.538
214.7,6.56999e+06,1.14162e+06,297.442
214.8,6.56981e+06,1.14214e+06,297.346
214.9,6.56962e+06,1.14266e+06,297.25
215,6.56943e+06,1.14318e+06,297.155
215.1,6.56924e+06,1.1437e+06,297.059
215.2,6.56906e+06,1.14422e+06,296.963
215.3,6.56887e+06,1.14474e+06,296.867
215.4,6.56868e+06,1.14526e+06,296.771
215.5,6.56849e+06,1.14578e+06,296.675
215.6,6.5683e+06,1.1463e+06,296.578
215.7,6.56811e+06,1.14683e+06,296.482
215.8,6.56792e+06,1.14735e+06,296.386
215.9,6.56774e+06,1.14787e+06,296.29
216,6.56755e+06,1.14839e+06,296.194
216.1,6.56736e+06,1.14891e+06,296.097
216.2,6.56717e+06,1.14943e+06,296.001
216.3,6.56698e+06,1.14995e+06,295.904
216.4,6.56679e+06,1.15047e+06,295.808
216.5,6.5666e+06,1.15099e+06,295.711
216.6,6.56641e+06,1.15151e+06,295.615
216.7,6.56622e+06,1.15203e+06,295.518
216.8,6.56603e+06,1.15255e+06,295.421
216.9,6.56584e+06,1.15307e+06,295.325
217,6.56565e+06,1.15359e+06,295.228
217.1,6.56546e+06,1.15411e+06,295.131
217.2,6.56527e+06,1.15463e+06,295.034
217.3,6.56508e+06,1.15516e+06,294.937
217.4,6.56489e+06,1.15568e+06,294.841
217.5,6.5647e+06,1.1562e+06,294.744
217.6,6.56451e+06,1.15672e+06,294.647
217.7,6.56432e+06,1.15724e+06,294.549
217.8,6.56413e+06,1.15776e+06,294.452
217.9,6.56394e+06,1.15828e+06,294.355
218,6.56375e+06,1.1588e+06,294.258
218.1,6.56356e+06,1.15932e+06,294.161
218.2,6.56337e+06,1.15984e+06,294.063
218.3,6.56318e+06,1.16036e+06,293.966
218.4,6.56299e+06,1.16088e+06,293.869
218.5,6.5628e+06,1.1614e+06,293.771
218.6,6.56261e+06,1.16192e+06,293.674
218.7,6.56242e+06,1.16244e+06,293.576
218.8,6.56223e+06,1.16296e+06,293.479
218.9,6.56203e+06,1.16348e+06,293.381
219,6.56184e+06,1.164e+06,293.283
219.1,6.56165e+06,1.16452e+06,293.186
219.2,6.56146e+06,1.16504e+06,293.088
219.3,6.56127e+06,1.16556e+06,292.99
219.4,6.56108e+06,1.16608e+06,292.892
219.5,6.56088e+06,1.1666e+06,292.794
219.6,6.56069e+06,1.16712e+06,292.697
219.7,6.5605e+06,1.16764e+06,292.599
219.8,6.56031e+06,1.16816e+06,292.501
219.9,6.56012e+06,1.16868e+06,292.402
220,6.55992e+06,1.1692e+06,292.304
220.1,6.55973e+06,1.16972e+06,292.206
220.2,6.55954e+06,1.17024e+06,292.108
220.3,6.55935e+06,1.17076e+06,292.01
220.4,6.55915e+06,1.17128e+06,291.911
220.5,6.55896e+06,1.1718e+06,291.813
220.6,6.55877e+06,1.17232e+06,291.715
220.7,6.55857e+06,1.17284e+06,291.616
220.8,6.55838e+06,1.17336e+06,291.518
220.9,6.55819e+06,1.17388e+06,291.419
221,6.55799e+06,1.1744e+06,291.321
221.1,6.5578e+06,1.17492e+06,291.222
221.2,6.55761e+06,1.17544e+06,291.124
221.3,6.55741e+06,1.17596e+06,291.025
221.4,6.55722e+06,1.17648e+06,290.926
221.5,6.55703e+06,1.177e+06,290.827
221.6,6.55683e+06,1.17752e+06,290.728
221.7,6.55664e+06,1.17804e+06,290.63
221.8,6.55645e+06,1.17856e+06,290.531
221.9,6.55625e+06,1.17908e+06,290.432
222,6.55606e+06,1.1796e+06,290.333
222.1,6.55586e+06,1.18012e+06,290.234
222.2,6.55567e+06,1.18064e+06,290.135
222.3,6.55548e+06,1.18116e+06,290.035
222.4,6.55528e+06,1.18168e+06,289.936
222.5,6.55509e+06,1.1822e+06,289.837
222.6,6.55489e+06,1.18272e+06,289.738
222.7,6.5547e+06,1.18324e+06,289.638
222.8,6.5545e+06,1.18376e+06,289.539
222.9,6.55431e+06,1.18428e+06,289.44
223,6.55411e+06,1.1848e+06,289.34
223.1,6.55392e+06,1.18532e+06,289.241
223.2,6.55372e+06,1.18584e+06,289.141
223.3,6.55353e+06,1.18636e+06,289.041
223.4,6.55333e+06,1.18688e+06,288.942
223.5,6.55314e+06,1.1874e+06,288.842
223.6,6.55294e+06,1.18792e+06,288.742
223.7,6.55274e+06,1.18843e+06,288.643
223.8,6.55255e+06,1.18895e+06,288.543
223.9,6.55235e+06,1.18947e+06,288.443
224,6.55216e+06,1.18999e+06,288.343
224.1,6.55196e+06,1.19051e+06,288.243
224.2,6.55177e+06,1.19103e+06,288.143
224.3,6.55157e+06,1.19155e+06,288.043
224.4,6.55137e+06,1.19207e+06,287.943
224.5,6.55118e+06,1.19259e+06,287.843
224.6,6.55098e+06,1.19311e+06,287.743
224.7,6.55078e+06,1.19363e+06,287.642
224.8,6.55059e+06,1.19415e+06,287.542
224.9,6.55039e+06,1.19467e+06,287.442
225,6.55019e+06,1.19519e+06,287.341
225.1,6.55e+06,1.19571e+06,287.241
225.2,6.5498e+06,1.19623e+06,287.141
225.3,6.5496e+06,1.19674e+06,287.04
225.4,6.54941e+06,1.19726e+06,286.94
225.5,6.54921e+06,1.19778e+06,286.839
225.6,6.54901e+06,1.1983e+06,286.738
225.7,6.54881e+06,1.19882e+06,286.638
225.8,6.54862e+06,1.19934e+06,286.537
225.9,6.54842e+06,1.19986e+06,286.436
226,6.54822e+06,1.20038e+06,286.335
226.1,6.54802e+06,1.2009e+06,286.235
226.2,6.54783e+06,1.20142e+06,286.134
226.3,6.54763e+06,1.20194e+06,286.033
226.4,6.54743e+06,1.20246e+06,285.932
226.5,6.54723e+06,1.20297e+06,285.831
226.6,6.54703e+06,1.20349e+06,285.73
226.7,6.54684e+06,1.20401e+06,285.628
226.8,6.54664e+06,1.20453e+06,285.527
226.9,6.54644e+06,1.20505e+06,285.426
227,6.54624e+06,1.20557e+06,285.325
227.1,6.54604e+06,1.20609e+06,285.223
227.2,6.54584e+06,1.20661e+06,285.122
227.3,6.54564e+06,1.20713e+06,285.021
227.4,6.54545e+06,1.20764e+06,284.919
227.5,6.54525e+06,1.20816e+06,284.818
227.6,6.54505e+06,1.20868e+06,284.716
227.7,6.54485e+06,1.2092e+06,284.615
227.8,6.54465e+06,1.20972e+06,284.513
227.9,6.54445e+06,1.21024e+06,284.411
228,6.54425e+06,1.21076e+06,284.31
228.1,6.54405e+06,1.21128e+06,284.208
228.2,6.54385e+06,1.2118e+06,284.106
228.3,6.54365e+06,1.21231e+06,284.004
228.4,6.54345e+06,1.21283e+06,283.902
228.5,6.54325e+06,1.21335e+06,283.8
228.6,6.54305e+06,1.21387e+06,283.698
228.7,6.54285e+06,1.21439e+06,283.596
228.8,6.54265e+06,1.21491e+06,283.494
228.9,6.54245e+06,1.21543e+06,283.392
229,6.54225e+06,1.21594e+06,283.29
229.1,6.54205e+06,1.21646e+06,283.188
229.2,6.54185e+06,1.21698e+06,283.086
229.3,6.54165e+06,1.2175e+06,282.983
229.4,6.54145e+06,1.21802e+06,282.881
229.5,6.54125e+06,1.21854e+06,282.778
229.6,6.54105e+06,1.21906e+06,282.676
229.7,6.54085e+06,1.21957e+06,282.574
229.8,6.54065e+06,1.22009e+06,282.471
229.9,6.54044e+06,1.22061e+06,282.368
230,6.54024e+06,1.22113e+06,282.266
230.1,6.54004e+06,1.22165e+06,282.163
230.2,6.53984e+06,1.22217e+06,282.06
230.3,6.53964e+06,1.22269e+06,281.958
230.4,6.53944e+06,1.2232e+06,281.855
230.5,6.53924e+06,1.22372e+06,281.752
230.6,6.53903e+06,1.22424e+06,281.649
230.7,6.53883e+06,1.22476e+06,281.546
230.8,6.53863e+06,1.22528e+06,281.443
230.9,6.53843e+06,1.2258e+06,281.34
231,6.53823e+06,1.22631e+06,281.237
231.1,6.53802e+06,1.22683e+06,281.134
231.2,6.53782e+06,1.22735e+06,281.031
231.3,6.53762e+06,1.22787e+06,280.928
231.4,6.53742e+06,1.22839e+06,280.824
231.5,6.53722e+06,1.22891e+06,280.721
231.6,6.53701e+06,1.22942e+06,280.618
231.7,6.53681e+06,1.22994e+06,280.514
231.8,6.53661e+06,1.23046e+06,280.411
231.9,6.5364e+06,1.23098e+06,280.307
232,6.5362e+06,1.2315e+06,280.204
232.1,6.536e+06,1.23201e+06,280.1
232.2,6.5358e+06,1.23253e+06,279.997
232.3,6.53559e+06,1.23305e+06,279.893
232.4,6.53539e+06,1.23357e+06,279.789
232.5,6.53519e+06,1.23409e+06,279.686
232.6,6.53498e+06,1.2346e+06,279.582
232.7,6.53478e+06,1.23512e+06,279.478
232.8,6.53457e+06,1.23564e+06,279.374
232.9,6.53437e+06,1.23616e+06,279.27
233,6.53417e+06,1.23668e+06,279.166
233.1,6.53396e+06,1.23719e+06,279.062
233.2,6.53376e+06,1.23771e+06,278.958
233.3,6.53356e+06,1.23823e+06,278.854
233.4,6.53335e+06,1.23875e+06,278.75
233.5,6.53315e+06,1.23927e+06,278.646
233.6,6.53294e+06,1.23978e+06,278.541
233.7,6.53274e+06,1.2403e+06,278.437
233.8,6.53253e+06,1.24082e+06,278.333
233.9,6.53233e+06,1.24134e+06,278.228
234,6.53212e+06,1.24186e+06,278.124
234.1,6.53192e+06,1.24237e+06,278.02
234.2,6.53171e+06,1.24289e+06,277.915
234.3,6.53151e+06,1.24341e+06,277.81
234.4,6.5313e+06,1.24393e+06,277.706
234.5,6.5311e+06,1.24444e+06,277.601
234.6,6.53089e+06,1.24496e+06,277.497
234.7,6.53069e+06,1.24548e+06,277.392
234.8,6.53048e+06,1.246e+06,277.287
234.9,6.53028e+06,1.24652e+06,277.182
235,6.53007e+06,1.24703e+06,277.077
235.1,6.52987e+06,1.24755e+06,276.972
235.2,6.52966e+06,1.24807e+06,276.867
235.3,6.52945e+06,1.24859e+06,276.762
235.4,6.52925e+06,1.2491e+06,276.657
235.5,6.52904e+06,1.24962e+06,276.552
235.6,6.52884e+06,1.25014e+06,276.447
235.7,6.52863e+06,1.25066e+06,276.342
235.8,6.52842e+06,1.25117e+06,276.237
235.9,6.52822e+06,1.25169e+06,276.131
236,6.52801e+06,1.25221e+06,276.026
236.1,6.5278e+06,1.25273e+06,275.921
236.2,6.5276e+06,1.25324e+06,275.815
236.3,6.52739e+06,1.25376e+06,275.71
236.4,6.52718e+06,1.25428e+06,275.604
236.5,6.52698e+06,1.2548e+06,275.499
236.6,6.52677e+06,1.25531e+06,275.393
236.7,6.52656e+06,1.25583e+06,275.287
236.8,6.52636e+06,1.25635e+06,275.182
236.9,6.52615e+06,1.25686e+06,275.076
237,6.52594e+06,1.25738e+06,274.97
237.1,6.52573e+06,1.2579e+06,274.864
237.2,6.52553e+06,1.25842e+06,274.759
237.3,6.52532e+06,1.25893e+06,274.653
237.4,6.52511e+06,1.25945e+06,274.547
237.5,6.5249e+06,1.25997e+06,274.441
237.6,6.5247e+06,1.26049e+06,274.335
237.7,6.52449e+06,1.261e+06,274.229
237.8,6.52428e+06,1.26152e+06,274.122
237.9,6.52407e+06,1.26204e+06,274.016
238,6.52386e+06,1.26255e+06,273.91
238.1,6.52365e+06,1.26307e+06,273.804
238.2,6.52345e+06,1.26359e+06,273.697
238.3,6.52324e+06,1.26411e+06,273.591
238.4,6.52303e+06,1.26462e+06,273.485
238.5,6.52282e+06,1.26514e+06,273.378
238.6,6.52261e+06,1.26566e+06,273.272
238.7,6.5224e+06,1.26617e+06,273.165
238.8,6.52219e+06,1.26669e+06,273.058
238.9,6.52198e+06,1.26721e+06,272.952
239,6.52178e+06,1.26772e+06,272.845
239.1,6.52157e+06,1.26824e+06,272.738
239.2,6.52136e+06,1.26876e+06,272.632
239.3,6.52115e+06,1.26927e+06,272.525
239.4,6.52094e+06,1.26979e+06,272.418
239.5,6.52073e+06,1.27031e+06,272.311
239.6,6.52052e+06,1.27083e+06,272.204
239.7,6.52031e+06,1.27134e+06,272.097
239.8,6.5201e+06,1.27186e+06,271.99
239.9,6.51989e+06,1.27238e+06,271.883
240,6.51968e+06,1.27289e+06,271.776
240.1,6.51947e+06,1.27341e+06,271.669
240.2,6.51926e+06,1.27393e+06,271.561
240.3,6.51905e+06,1.27444e+06,271.454
240.4,6.51884e+06,1.27496e+06,271.347
240.5,6.51863e+06,1.27548e+06,271.239
240.6,6.51842e+06,1.27599e+06,271.132
240.7,6.51821e+06,1.27651e+06,271.025
240.8,6.518e+06,1.27703e+06,270.917
240.9,6.51778e+06,1.27754e+06,270.81
241,6.51757e+06,1.27806e+06,270.702
241.1,6.51736e+06,1.27858e+06,270.594
241.2,6.51715e+06,1.27909e+06,270.487
241.3,6.51694e+06,1.27961e+06,270.379
241.4,6.51673e+06,1.28013e+06,270.271
241.5,6.51652e+06,1.28064e+06,270.163
241.6,6.51631e+06,1.28116e+06,270.056
241.7,6.51609e+06,1.28168e+06,269.948
241.8,6.51588e+06,1.28219e+06,269.84
241.9,6.51567e+06,1.28271e+06,269.732
242,6.51546e+06,1.28322e+06,269.624
242.1,6.51525e+06,1.28374e+06,269.516
242.2,6.51504e+06,1.28426e+06,269.407
242.3,6.51482e+06,1.28477e+06,269.299
242.4,6.51461e+06,1.28529e+06,269.191
242.5,6.5144e+06,1.28581e+06,269.083
242.6,6.51419e+06,1.28632e+06,268.974
242.7,6.51397e+06,1.28684e+06,268.866
242.8,6.51376e+06,1.28736e+06,268.758
242.9,6.51355e+06,1.28787e+06,268.649
243,6.51334e+06,1.28839e+06,268.541
243.1,6.51312e+06,1.2889e+06,268.432
243.2,6.51291e+06,1.28942e+06,268.324
243.3,6.5127e+06,1.28994e+06,268.215
243.4,6.51249e+06,1.29045e+06,268.106
243.5,6.51227e+06,1.29097e+06,267.998
243.6,6.51206e+06,1.29149e+06,267.889
243.7,6.51185e+06,1.292e+06,267.78
243.8,6.51163e+06,1.29252e+06,267.671
243.9,6.51142e+06,1.29303e+06,267.562
244,6.51121e+06,1.29355e+06,267.453
244.1,6.51099e+06,1.29407e+06,267.344
244.2,6.51078e+06,1.29458e+06,267.235
244.3,6.51056e+06,1.2951e+06,267.126
244.4,6.51035e+06,1.29561e+06,267.017
244.5,6.51014e+06,1.29613e+06,266.908
244.6,6.50992e+06,1.29665e+06,266.799
244.7,6.50971e+06,1.29716e+06,266.689
244.8,6.50949e+06,1.29768e+06,266.58
244.9,6.50928e+06,1.29819e+06,266.471
245,6.50906e+06,1.29871e+06,266.361
245.1,6.50885e+06,1.29923e+06,266.252
245.2,6.50864e+06,1.29974e+06,266.142
245.3,6.50842e+06,1.30026e+06,266.033
245.4,6.50821e+06,1.30077e+06,265.923
245.5,6.50799e+06,1.30129e+06,265.814
245.6,6.50778e+06,1.3018e+06,265.704
245.7,6.50756e+06,1.30232e+06,265.594
245.8,6.50735e+06,1.30284e+06,265.485
245.9,6.50713e+06,1.30335e+06,265.375
246,6.50691e+06,1.30387e+06,265.265
246.1,6.5067e+06,1.30438e+06,265.155
246.2,6.50648e+06,1.3049e+06,265.045
246.3,6.50627e+06,1.30541e+06,264.935
246.4,6.50605e+06,1.30593e+06,264.825
246.5,6.50584e+06,1.30645e+06,264.715
246.6,6.50562e+06,1.30696e+06,264.605
246.7,6.5054e+06,1.30748e+06,264.495
246.8,6.50519e+06,1.30799e+06,264.384
246.9,6.50497e+06,1.30851e+06,264.274
247,6.50476e+06,1.30902e+06,264.164
247.1,6.50454e+06,1.30954e+06,264.054
247.2,6.50432e+06,1.31005e+06,263.943
247.3,6.50411e+06,1.31057e+06,263.833
247.4,6.50389e+06,1.31109e+06,263.722
247.5,6.50367e+06,1.3116e+06,263.612
247.6,6.50346e+06,1.31212e+06,263.501
247.7,6.50324e+06,1.31263e+06,263.39
247.8,6.50302e+06,1.31315e+06,263.28
247.9,6.50281e+06,1.31366e+06,263.169
248,6.50259e+06,1.31418e+06,263.058
248.1,6.50237e+06,1.31469e+06,262.948
248.2,6.50215e+06,1.31521e+06,262.837
248.3,6.50194e+06,1.31572e+06,262.726
248.4,6.50172e+06,1.31624e+06,262.615
248.5,6.5015e+06,1.31675e+06,262.504
248.6,6.50128e+06,1.31727e+06,262.393
248.7,6.50107e+06,1.31779e+06,262.282
248.8,6.50085e+06,1.3183e+06,262.171
248.9,6.50063e+06,1.31882e+06,262.06
249,6.50041e+06,1.31933e+06,261.948
249.1,6.50019e+06,1.31985e+06,261.837
249.2,6.49998e+06,1.32036e+06,261.726
249.3,6.49976e+06,1.32088e+06,261.614
249.4,6.49954e+06,1.32139e+06,261.503
249.5,6.49932e+06,1.32191e+06,261.392
249.6,6.4991e+06,1.32242e+06,261.28
249.7,6.49888e+06,1.32294e+06,261.169
249.8,6.49867e+06,1.32345e+06,261.057
249.9,6.49845e+06,1.32397e+06,260.945
250,6.49823e+06,1.32448e+06,260.834
250.1,6.49801e+06,1.325e+06,260.722
250.2,6.49779e+06,1.32551e+06,260.61
250.3,6.49757e+06,1.32603e+06,260.498
250.4,6.49735e+06,1.32654e+06,260.387
250.5,6.49713e+06,1.32706e+06,260.275
250.6,6.49691e+06,1.32757e+06,260.163
250.7,6.49669e+06,1.32809e+06,260.051
250.8,6.49647e+06,1.3286e+06,259.939
250.9,6.49625e+06,1.32912e+06,259.827
251,6.49603e+06,1.32963e+06,259.715
251.1,6.49581e+06,1.33015e+06,259.602
251.2,6.49559e+06,1.33066e+06,259.49
251.3,6.49537e+06,1.33118e+06,259.378
251.4,6.49515e+06,1.33169e+06,259.266
251.5,6.49493e+06,1.3322e+06,259.153
251.6,6.49471e+06,1.33272e+06,259.041
251.7,6.49449e+06,1.33323e+06,258.929
251.8,6.49427e+06,1.33375e+06,258.816
251.9,6.49405e+06,1.33426e+06,258.704
252,6.49383e+06,1.33478e+06,258.591
252.1,6.49361e+06,1.33529e+06,258.478
252.2,6.49339e+06,1.33581e+06,258.366
252.3,6.49317e+06,1.33632e+06,258.253
252.4,6.49295e+06,1.33684e+06,258.14
252.5,6.49273e+06,1.33735e+06,258.027
252.6,6.49251e+06,1.33787e+06,257.915
252.7,6.49228e+06,1.33838e+06,257.802
252.8,6.49206e+06,1.33889e+06,257.689
252.9,6.49184e+06,1.33941e+06,257.576
253,6.49162e+06,1.33992e+06,257.463
253.1,6.4914e+06,1.34044e+06,257.35
253.2,6.49118e+06,1.34095e+06,257.237
253.3,6.49095e+06,1.34147e+06,257.123
253.4,6.49073e+06,1.34198e+06,257.01
253.5,6.49051e+06,1.3425e+06,256.897
253.6,6.49029e+06,1.34301e+06,256.784
253.7,6.49007e+06,1.34352e+06,256.67
253.8,6.48984e+06,1.34404e+06,256.557
253.9,6.48962e+06,1.34455e+06,256.444
254,6.4894e+06,1.34507e+06,256.33
254.1,6.48918e+06,1.34558e+06,256.217
254.2,6.48895e+06,1.3461e+06,256.103
254.3,6.48873e+06,1.34661e+06,255.989
254.4,6.48851e+06,1.34712e+06,255.876
254.5,6.48829e+06,1.34764e+06,255.762
254.6,6.48806e+06,1.34815e+06,255.648
254.7,6.48784e+06,1.34867e+06,255.535
254.8,6.48762e+06,1.34918e+06,255.421
254.9,6.48739e+06,1.34969e+06,255.307
255,6.48717e+06,1.35021e+06,255.193
255.1,6.48695e+06,1.35072e+06,255.079
255.2,6.48672e+06,1.35124e+06,254.965
255.3,6.4865e+06,1.35175e+06,254.851
255.4,6.48628e+06,1.35227e+06,254.737
255.5,6.48605e+06,1.35278e+06,254.623
255.6,6.48583e+06,1.35329e+06,254.508
255.7,6.4856e+06,1.35381e+06,254.394
255.8,6.48538e+06,1.35432e+06,254.28
255.9,6.48516e+06,1.35484e+06,254.165
256,6.48493e+06,1.35535e+06,254.051
256.1,6.48471e+06,1.35586e+06,253.937
256.2,6.48448e+06,1.35638e+06,253.822
256.3,6.48426e+06,1.35689e+06,253.708
256.4,6.48403e+06,1.3574e+06,253.593
256.5,6.48381e+06,1.35792e+06,253.479
256.6,6.48358e+06,1.35843e+06,253.364
256.7,6.48336e+06,1.35895e+06,253.249
256.8,6.48313e+06,1.35946e+06,253.134
256.9,6.48291e+06,1.35997e+06,253.02
257,6.48268e+06,1.36049e+06,252.905
257.1,6.48246e+06,1.361e+06,252.79
257.2,6.48223e+06,1.36151e+06,252.675
257.3,6.48201e+06,1.36203e+06,252.56
257.4,6.48178e+06,1.36254e+06,252.445
257.5,6.48156e+06,1.36306e+06,252.33
257.6,6.48133e+06,1.36357e+06,252.215
257.7,6.48111e+06,1.36408e+06,252.1
257.8,6.48088e+06,1.3646e+06,251.984
257.9,6.48065e+06,1.36511e+06,251.869
258,6.48043e+06,1.36562e+06,251.754
258.1,6.4802e+06,1.36614e+06,251.639
258.2,6.47998e+06,1.36665e+06,251.523
258.3,6.47975e+06,1.36716e+06,251.408
258.4,6.47952e+06,1.36768e+06,251.292
258.5,6.4793e+06,1.36819e+06,251.177
258.6,6.47907e+06,1.3687e+06,251.061
258.7,6.47884e+06,1.36922e+06,250.946
258.8,6.47862e+06,1.36973e+06,250.83
258.9,6.47839e+06,1.37024e+06,250.714
259,6.47816e+06,1.37076e+06,250.599
259.1,6.47794e+06,1.37127e+06,250.483
259.2,6.47771e+06,1.37178e+06,250.367
259.3,6.47748e+06,1.3723e+06,250.251
259.4,6.47725e+06,1.37281e+06,250.135
259.5,6.47703e+06,1.37332e+06,250.019
259.6,6.4768e+06,1.37384e+06,249.903
259.7,6.47657e+06,1.37435e+06,249.787
259.8,6.47634e+06,1.37486e+06,249.671
259.9,6.47612e+06,1.37538e+06,249.555
260,6.47589e+06,1.37589e+06,249.439
260.1,6.47566e+06,1.3764e+06,249.322
260.2,6.47543e+06,1.37692e+06,249.206
260.3,6.4752e+06,1.37743e+06,249.09
260.4,6.47498e+06,1.37794e+06,248.973
260.5,6.47475e+06,1.37846e+06,248.857
260.6,6.47452e+06,1.37897e+06,248.741
260.7,6.47429e+06,1.37948e+06,248.624
260.8,6.47406e+06,1.37999e+06,248.508
260.9,6.47383e+06,1.38051e+06,248.391
261,6.47361e+06,1.38102e+06,248.274
261.1,6.47338e+06,1.38153e+06,248.158
261.2,6.47315e+06,1.38205e+06,248.041
261.3,6.47292e+06,1.38256e+06,247.924
261.4,6.47269e+06,1.38307e+06,247.807
261.5,6.47246e+06,1.38359e+06,247.69
261.6,6.47223e+06,1.3841e+06,247.573
261.7,6.472e+06,1.38461e+06,247.456
261.8,6.47177e+06,1.38512e+06,247.339
261.9,6.47154e+06,1.38564e+06,247.222
262,6.47131e+06,1.38615e+06,247.105
262.1,6.47108e+06,1.38666e+06,246.988
262.2,6.47085e+06,1.38717e+06,246.871
262.3,6.47062e+06,1.38769e+06,246.754
262.4,6.4704e+06,1.3882e+06,246.636
262.5,6.47017e+06,1.38871e+06,246.519
262.6,6.46993e+06,1.38923e+06,246.402
262.7,6.4697e+06,1.38974e+06,246.284
262.8,6.46947e+06,1.39025e+06,246.167
262.9,6.46924e+06,1.39076e+06,246.049
263,6.46901e+06,1.39128e+06,245.932
263.1,6.46878e+06,1.39179e+06,245.814
263.2,6.46855e+06,1.3923e+06,245.697
263.3,6.46832e+06,1.39281e+06,245.579
263.4,6.46809e+06,1.39333e+06,245.461
263.5,6.46786e+06,1.39384e+06,245.343
263.6,6.46763e+06,1.39435e+06,245.225
263.7,6.4674e+06,1.39486e+06,245.108
263.8,6.46717e+06,1.39538e+06,244.99
263.9,6.46694e+06,1.39589e+06,244.872
264,6.4667e+06,1.3964e+06,244.754
264.1,6.46647e+06,1.39691e+06,244.636
264.2,6.46624e+06,1.39743e+06,244.518
264.3,6.46601e+06,1.39794e+06,244.399
264.4,6.46578e+06,1.39845e+06,244.281
264.5,6.46555e+06,1.39896e+06,244.163
264.6,6.46531e+06,1.39947e+06,244.045
264.7,6.46508e+06,1.39999e+06,243.926
264.8,6.46485e+06,1.4005e+06,243.808
264.9,6.46462e+06,1.40101e+06,243.69
265,6.46439e+06,1.40152e+06,243.571
265.1,6.46415e+06,1.40204e+06,243.453
265.2,6.46392e+06,1.40255e+06,243.334
265.3,6.46369e+06,1.40306e+06,243.215
265.4,6.46346e+06,1.40357e+06,243.097
265.5,6.46322e+06,1.40408e+06,242.978
265.6,6.46299e+06,1.4046e+06,242.859
265.7,6.46276e+06,1.40511e+06,242.741
265.8,6.46252e+06,1.40562e+06,242.622
265.9,6.46229e+06,1.40613e+06,242.503
266,6.46206e+06,1.40664e+06,242.384
266.1,6.46183e+06,1.40716e+06,242.265
266.2,6.46159e+06,1.40767e+06,242.146
266.3,6.46136e+06,1.40818e+06,242.027
266.4,6.46112e+06,1.40869e+06,241.908
266.5,6.46089e+06,1.4092e+06,241.789
266.6,6.46066e+06,1.40972e+06,241.67
266.7,6.46042e+06,1.41023e+06,241.55
266.8,6.46019e+06,1.41074e+06,241.431
266.9,6.45996e+06,1.41125e+06,241.312
267,6.45972e+06,1.41176e+06,241.192
267.1,6.45949e+06,1.41228e+06,241.073
267.2,6.45925e+06,1.41279e+06,240.953
267.3,6.45902e+06,1.4133e+06,240.834
267.4,6.45879e+06,1.41381e+06,240.714
267.5,6.45855e+06,1.41432e+06,240.595
267.6,6.45832e+06,1.41483e+06,240.475
267.7,6.45808e+06,1.41535e+06,240.355
267.8,6.45785e+06,1.41586e+06,240.236
267.9,6.45761e+06,1.41637e+06,240.116
268,6.45738e+06,1.41688e+06,239.996
268.1,6.45714e+06,1.41739e+06,239.876
268.2,6.45691e+06,1.4179e+06,239.756
268.3,6.45667e+06,1.41842e+06,239.636
268.4,6.45644e+06,1.41893e+06,239.516
268.5,6.4562e+06,1.41944e+06,239.396
268.6,6.45597e+06,1.41995e+06,239.276
268.7,6.45573e+06,1.42046e+06,239.156
268.8,6.45549e+06,1.42097e+06,239.036
268.9,6.45526e+06,1.42148e+06,238.916
269,6.45502e+06,1.422e+06,238.795
269.1,6.45479e+06,1.42251e+06,238.675
269.2,6.45455e+06,1.42302e+06,238.555
269.3,6.45432e+06,1.42353e+06,238.434
269.4,6.45408e+06,1.42404e+06,238.314
269.5,6.45384e+06,1.42455e+06,238.193
269.6,6.45361e+06,1.42506e+06,238.073
269.7,6.45337e+06,1.42558e+06,237.952
269.8,6.45313e+06,1.42609e+06,237.831
269.9,6.4529e+06,1.4266e+06,237.711
270,6.45266e+06,1.42711e+06,237.59
270.1,6.45242e+06,1.42762e+06,237.469
270.2,6.45219e+06,1.42813e+06,237.348
270.3,6.45195e+06,1.42864e+06,237.228
270.4,6.45171e+06,1.42915e+06,237.107
270.5,6.45148e+06,1.42967e+06,236.986
270.6,6.45124e+06,1.43018e+06,236.865
270.7,6.451e+06,1.43069e+06,236.744
270.8,6.45076e+06,1.4312e+06,236.622
270.9,6.45053e+06,1.43171e+06,236.501
271,6.45029e+06,1.43222e+06,236.38
271.1,6.45005e+06,1.43273e+06,236.259
271.2,6.44981e+06,1.43324e+06,236.138
271.3,6.44957e+06,1.43375e+06,236.016
271.4,6.44934e+06,1.43426e+06,235.895
271.5,6.4491e+06,1.43478e+06,235.774
271.6,6.44886e+06,1.43529e+06,235.652
271.7,6.44862e+06,1.4358e+06,235.531
271.8,6.44838e+06,1.43631e+06,235.409
271.9,6.44815e+06,1.43682e+06,235.287
272,6.44791e+06,1.43733e+06,235.166
272.1,6.44767e+06,1.43784e+06,235.044
272.2,6.44743e+06,1.43835e+06,234.922
272.3,6.44719e+06,1.43886e+06,234.801
272.4,6.44695e+06,1.43937e+06,234.679
272.5,6.44671e+06,1.43988e+06,234.557
272.6,6.44647e+06,1.44039e+06,234.435
272.7,6.44624e+06,1.4409e+06,234.313
272.8,6.446e+06,1.44142e+06,234.191
272.9,6.44576e+06,1.44193e+06,234.069
273,6.44552e+06,1.44244e+06,233.947
273.1,6.44528e+06,1.44295e+06,233.825
273.2,6.44504e+06,1.44346e+06,233.702
273.3,6.4448e+06,1.44397e+06,233.58
273.4,6.44456e+06,1.44448e+06,233.458
273.5,6.44432e+06,1.44499e+06,233.336
273.6,6.44408e+06,1.4455e+06,233.213
273.7,6.44384e+06,1.44601e+06,233.091
273.8,6.4436e+06,1.44652e+06,232.968
273.9,6.44336e+06,1.44703e+06,232.846
274,6.44312e+06,1.44754e+06,232.723
274.1,6.44288e+06,1.44805e+06,232.601
274.2,6.44264e+06,1.44856e+06,232.478
274.3,6.4424e+06,1.44907e+06,232.355
274.4,6.44216e+06,1.44958e+06,232.233
274.5,6.44192e+06,1.45009e+06,232.11
274.6,6.44168e+06,1.4506e+06,231.987
274.7,6.44143e+06,1.45111e+06,231.864
274.8,6.44119e+06,1.45162e+06,231.741
274.9,6.44095e+06,1.45214e+06,231.618
275,6.44071e+06,1.45265e+06,231.495
275.1,6.44047e+06,1.45316e+06,231.372
275.2,6.44023e+06,1.45367e+06,231.249
275.3,6.43999e+06,1.45418e+06,231.126
275.4,6.43975e+06,1.45469e+06,231.003
275.5,6.4395e+06,1.4552e+06,230.88
275.6,6.43926e+06,1.45571e+06,230.756
275.7,6.43902e+06,1.45622e+06,230.633
275.8,6.43878e+06,1.45673e+06,230.51
275.9,6.43854e+06,1.45724e+06,230.386
276,6.4383e+06,1.45775e+06,230.263
276.1,6.43805e+06,1.45826e+06,230.139
276.2,6.43781e+06,1.45877e+06,230.016
276.3,6.43757e+06,1.45928e+06,229.892
276.4,6.43733e+06,1.45979e+06,229.768
276.5,6.43708e+06,1.4603e+06,229.645
276.6,6.43684e+06,1.46081e+06,229.521
276.7,6.4366e+06,1.46132e+06,229.397
276.8,6.43636e+06,1.46183e+06,229.273
276.9,6.43611e+06,1.46234e+06,229.149
277,6.43587e+06,1.46285e+06,229.026
277.1,6.43563e+06,1.46336e+06,228.902
277.2,6.43538e+06,1.46387e+06,228.778
277.3,6.43514e+06,1.46438e+06,228.654
277.4,6.4349e+06,1.46488e+06,228.529
277.5,6.43465e+06,1.46539e+06,228.405
277.6,6.43441e+06,1.4659e+06,228.281
277.7,6.43417e+06,1.46641e+06,228.157
277.8,6.43392e+06,1.46692e+06,228.033
277.9,6.43368e+06,1.46743e+06,227.908
278,6.43344e+06,1.46794e+06,227.784
278.1,6.43319e+06,1.46845e+06,227.659
278.2,6.43295e+06,1.46896e+06,227.535
278.3,6.4327e+06,1.46947e+06,227.41
278.4,6.43246e+06,1.46998e+06,227.286
278.5,6.43221e+06,1.47049e+06,227.161
278.6,6.43197e+06,1.471e+06,227.037
278.7,6.43173e+06,1.47151e+06,226.912
278.8,6.43148e+06,1.47202e+06,226.787
278.9,6.43124e+06,1.47253e+06,226.662
279,6.43099e+06,1.47304e+06,226.538
279.1,6.43075e+06,1.47355e+06,226.413
279.2,6.4305e+06,1.47406e+06,226.288
279.3,6.43026e+06,1.47457e+06,226.163
279.4,6.43001e+06,1.47508e+06,226.038
279.5,6.42977e+06,1.47558e+06,225.913
279.6,6.42952e+06,1.47609e+06,225.788
279.7,6.42928e+06,1.4766e+06,225.663
279.8,6.42903e+06,1.47711e+06,225.537
279.9,6.42879e+06,1.47762e+06,225.412
280,6.42854e+06,1.47813e+06,225.287
280.1,6.42829e+06,1.47864e+06,225.162
280.2,6.42805e+06,1.47915e+06,225.036
280.3,6.4278e+06,1.47966e+06,224.911
280.4,6.42756e+06,1.48017e+06,224.785
280.5,6.42731e+06,1.48068e+06,224.66
280.6,6.42706e+06,1.48119e+06,224.534
280.7,6.42682e+06,1.4817e+06,224.409
280.8,6.42657e+06,1.4822e+06,224.283
280.9,6.42633e+06,1.48271e+06,224.157
281,6.42608e+06,1.48322e+06,224.031
281.1,6.42583e+06,1.48373e+06,223.906
281.2,6.42559e+06,1.48424e+06,223.78
281.3,6.42534e+06,1.48475e+06,223.654
281.4,6.42509e+06,1.48526e+06,223.528
281.5,6.42485e+06,1.48577e+06,223.402
281.6,6.4246e+06,1.48628e+06,223.276
281.7,6.42435e+06,1.48678e+06,223.15
281.8,6.4241e+06,1.48729e+06,223.024
281.9,6.42386e+06,1.4878e+06,222.898
282,6.42361e+06,1.48831e+06,222.772
282.1,6.42336e+06,1.48882e+06,222.645
282.2,6.42311e+06,1.48933e+06,222.519
282.3,6.42287e+06,1.48984e+06,222.393
282.4,6.42262e+06,1.49035e+06,222.266
282.5,6.42237e+06,1.49086e+06,222.14
282.6,6.42212e+06,1.49136e+06,222.013
282.7,6.42187e+06,1.49187e+06,221.887
282.8,6.42163e+06,1.49238e+06,221.76
282.9,6.42138e+06,1.49289e+06,221.634
283,6.42113e+06,1.4934e+06,221.507
283.1,6.42088e+06,1.49391e+06,221.38
283.2,6.42063e+06,1.49442e+06,221.254
283.3,6.42038e+06,1.49492e+06,221.127
283.4,6.42014e+06,1.49543e+06,221
283.5,6.41989e+06,1.49594e+06,220.873
283.6,6.41964e+06,1.49645e+06,220.746
283.7,6.41939e+06,1.49696e+06,220.619
283.8,6.41914e+06,1.49747e+06,220.492
283.9,6.41889e+06,1.49797e+06,220.365
284,6.41864e+06,1.49848e+06,220.238
284.1,6.41839e+06,1.49899e+06,220.111
284.2,6.41814e+06,1.4995e+06,219.984
284.3,6.41789e+06,1.50001e+06,219.857
284.4,6.41764e+06,1.50052e+06,219.729
284.5,6.41739e+06,1.50102e+06,219.602
284.6,6.41715e+06,1.50153e+06,219.475
284.7,6.4169e+06,1.50204e+06,219.347
284.8,6.41665e+06,1.50255e+06,219.22
284.9,6.4164e+06,1.50306e+06,219.092
285,6.41615e+06,1.50357e+06,218.965
285.1,6.4159e+06,1.50407e+06,218.837
285.2,6.41565e+06,1.50458e+06,218.709
285.3,6.41539e+06,1.50509e+06,218.582
285.4,6.41514e+06,1.5056e+06,218.454
285.5,6.41489e+06,1.50611e+06,218.326
285.6,6.41464e+06,1.50661e+06,218.198
285.7,6.41439e+06,1.50712e+06,218.07
285.8,6.41414e+06,1.50763e+06,217.942
285.9,6.41389e+06,1.50814e+06,217.814
286,6.41364e+06,1.50865e+06,217.686
286.1,6.41339e+06,1.50915e+06,217.558
286.2,6.41314e+06,1.50966e+06,217.43
286.3,6.41289e+06,1.51017e+06,217.302
286.4,6.41263e+06,1.51068e+06,217.174
286.5,6.41238e+06,1.51119e+06,217.046
286.6,6.41213e+06,1.51169e+06,216.917
286.7,6.41188e+06,1.5122e+06,216.789
286.8,6.41163e+06,1.51271e+06,216.661
286.9,6.41138e+06,1.51322e+06,216.532
287,6.41113e+06,1.51373e+06,216.404
287.1,6.41087e+06,1.51423e+06,216.275
287.2,6.41062e+06,1.51474e+06,216.147
287.3,6.41037e+06,1.51525e+06,216.018
287.4,6.41012e+06,1.51576e+06,215.889
287.5,6.40986e+06,1.51626e+06,215.761
287.6,6.40961e+06,1.51677e+06,215.632
287.7,6.40936e+06,1.51728e+06,215.503
287.8,6.40911e+06,1.51779e+06,215.374
287.9,6.40885e+06,1.51829e+06,215.245
288,6.4086e+06,1.5188e+06,215.117
288.1,6.40835e+06,1.51931e+06,214.988
288.2,6.4081e+06,1.51982e+06,214.859
288.3,6.40784e+06,1.52032e+06,214.729
288.4,6.40759e+06,1.52083e+06,214.6
288.5,6.40734e+06,1.52134e+06,214.471
288.6,6.40708e+06,1.52185e+06,214.342
288.7,6.40683e+06,1.52235e+06,214.213
288.8,6.40658e+06,1.52286e+06,214.083
288.9,6.40632e+06,1.52337e+06,213.954
289,6.40607e+06,1.52388e+06,213.825
289.1,6.40582e+06,1.52438e+06,213.695
289.2,6.40556e+06,1.52489e+06,213.566
289.3,6.40531e+06,1.5254e+06,213.436
289.4,6.40505e+06,1.5259e+06,213.307
289.5,6.4048e+06,1.52641e+06,213.177
289.6,6.40455e+06,1.52692e+06,213.047
289.7,6.40429e+06,1.52743e+06,212.918
289.8,6.40404e+06,1.52793e+06,212.788
289.9,6.40378e+06,1.52844e+06,212.658
290,6.40353e+06,1.52895e+06,212.528
290.1,6.40327e+06,1.52946e+06,212.398
290.2,6.40302e+06,1.52996e+06,212.269
290.3,6.40276e+06,1.53047e+06,212.139
290.4,6.40251e+06,1.53098e+06,212.009
290.5,6.40225e+06,1.53148e+06,211.878
290.6,6.402e+06,1.53199e+06,211.748
290.7,6.40174e+06,1.5325e+06,211.618
290.8,6.40149e+06,1.533e+06,211.488
290.9,6.40123e+06,1.53351e+06,211.358
291,6.40098e+06,1.53402e+06,211.227
291.1,6.40072e+06,1.53452e+06,211.097
291.2,6.40047e+06,1.53503e+06,210.967
291.3,6.40021e+06,1.53554e+06,210.836
291.4,6.39995e+06,1.53605e+06,210.706
291.5,6.3997e+06,1.53655e+06,210.575
291.6,6.39944e+06,1.53706e+06,210.445
291.7,6.39919e+06,1.53757e+06,210.314
291.8,6.39893e+06,1.53807e+06,210.183
291.9,6.39867e+06,1.53858e+06,210.053
292,6.39842e+06,1.53909e+06,209.922
292.1,6.39816e+06,1.53959e+06,209.791
292.2,6.3979e+06,1.5401e+06,209.66
292.3,6.39765e+06,1.54061e+06,209.529
292.4,6.39739e+06,1.54111e+06,209.398
292.5,6.39713e+06,1.54162e+06,209.267
292.6,6.39688e+06,1.54213e+06,209.136
292.7,6.39662e+06,1.54263e+06,209.005
292.8,6.39636e+06,1.54314e+06,208.874
292.9,6.39611e+06,1.54365e+06,208.743
293,6.39585e+06,1.54415e+06,208.612
293.1,6.39559e+06,1.54466e+06,208.481
293.2,6.39533e+06,1.54516e+06,208.349
293.3,6.39508e+06,1.54567e+06,208.218
293.4,6.39482e+06,1.54618e+06,208.087
293.5,6.39456e+06,1.54668e+06,207.955
293.6,6.3943e+06,1.54719e+06,207.824
293.7,6.39405e+06,1.5477e+06,207.692
293.8,6.39379e+06,1.5482e+06,207.561
293.9,6.39353e+06,1.54871e+06,207.429
294,6.39327e+06,1.54922e+06,207.297
294.1,6.39301e+06,1.54972e+06,207.166
294.2,6.39276e+06,1.55023e+06,207.034
294.3,6.3925e+06,1.55073e+06,206.902
294.4,6.39224e+06,1.55124e+06,206.77
294.5,6.39198e+06,1.55175e+06,206.638
294.6,6.39172e+06,1.55225e+06,206.506
294.7,6.39146e+06,1.55276e+06,206.374
294.8,6.3912e+06,1.55326e+06,206.242
294.9,6.39094e+06,1.55377e+06,206.11
295,6.39069e+06,1.55428e+06,205.978
295.1,6.39043e+06,1.55478e+06,205.846
295.2,6.39017e+06,1.55529e+06,205.714
295.3,6.38991e+06,1.55579e+06,205.581
295.4,6.38965e+06,1.5563e+06,205.449
295.5,6.38939e+06,1.55681e+06,205.317
295.6,6.38913e+06,1.55731e+06,205.184
295.7,6.38887e+06,1.55782e+06,205.052
295.8,6.38861e+06,1.55832e+06,204.919
295.9,6.38835e+06,1.55883e+06,204.787
296,6.38809e+06,1.55934e+06,204.654
296.1,6.38783e+06,1.55984e+06,204.522
296.2,6.38757e+06,1.56035e+06,204.389
296.3,6.38731e+06,1.56085e+06,204.256
296.4,6.38705e+06,1.56136e+06,204.124
296.5,6.38679e+06,1.56186e+06,203.991
296.6,6.38653e+06,1.56237e+06,203.858
296.7,6.38627e+06,1.56288e+06,203.725
296.8,6.38601e+06,1.56338e+06,203.592
296.9,6.38575e+06,1.56389e+06,203.459
297,6.38549e+06,1.56439e+06,203.326
297.1,6.38523e+06,1.5649e+06,203.193
297.2,6.38496e+06,1.5654e+06,203.06
297.3,6.3847e+06,1.56591e+06,202.927
297.4,6.38444e+06,1.56642e+06,202.793
297.5,6.38418e+06,1.56692e+06,202.66
297.6,6.38392e+06,1.56743e+06,202.527
297.7,6.38366e+06,1.56793e+06,202.393
297.8,6.3834e+06,1.56844e+06,202.26
297.9,6.38314e+06,1.56894e+06,202.127
298,6.38287e+06,1.56945e+06,201.993
298.1,6.38261e+06,1.56995e+06,201.86
298.2,6.38235e+06,1.57046e+06,201.726
298.3,6.38209e+06,1.57096e+06,201.592
298.4,6.38183e+06,1.57147e+06,201.459
298.5,6.38156e+06,1.57197e+06,201.325
298.6,6.3813e+06,1.57248e+06,201.191
298.7,6.38104e+06,1.57299e+06,201.057
298.8,6.38078e+06,1.57349e+06,200.924
298.9,6.38051e+06,1.574e+06,200.79
299,6.38025e+06,1.5745e+06,200.656
299.1,6.37999e+06,1.57501e+06,200.522
299.2,6.37973e+06,1.57551e+06,200.388
299.3,6.37946e+06,1.57602e+06,200.254
299.4,6.3792e+06,1.57652e+06,200.119
299.5,6.37894e+06,1.57703e+06,199.985
299.6,6.37867e+06,1.57753e+06,199.851
299.7,6.37841e+06,1.57804e+06,199.717
299.8,6.37815e+06,1.57854e+06,199.582
299.9,6.37788e+06,1.57905e+06,199.448
300,6.37762e+06,1.57955e+06,199.314
300.1,6.37736e+06,1.58006e+06,199.179
300.2,6.37709e+06,1.58056e+06,199.045
300.3,6.37683e+06,1.58107e+06,198.91
300.4,6.37657e+06,1.58157e+06,198.776
300.5,6.3763e+06,1.58208e+06,198.641
300.6,6.37604e+06,1.58258e+06,198.506
300.7,6.37577e+06,1.58309e+06,198.372
300.8,6.37551e+06,1.58359e+06,198.237
300.9,6.37524e+06,1.58409e+06,198.102
301,6.37498e+06,1.5846e+06,197.967
301.1,6.37472e+06,1.5851e+06,197.832
301.2,6.37445e+06,1.58561e+06,197.697
301.3,6.37419e+06,1.58611e+06,197.562
301.4,6.37392e+06,1.58662e+06,197.427
301.5,6.37366e+06,1.58712e+06,197.292
301.6,6.37339e+06,1.58763e+06,197.157
301.7,6.37313e+06,1.58813e+06,197.022
301.8,6.37286e+06,1.58864e+06,196.887
301.9,6.3726e+06,1.58914e+06,196.751
302,6.37233e+06,1.58965e+06,196.616
302.1,6.37207e+06,1.59015e+06,196.481
302.2,6.3718e+06,1.59065e+06,196.345
302.3,6.37153e+06,1.59116e+06,196.21
302.4,6.37127e+06,1.59166e+06,196.074
302.5,6.371e+06,1.59217e+06,195.939
302.6,6.37074e+06,1.59267e+06,195.803
302.7,6.37047e+06,1.59318e+06,195.667
302.8,6.37021e+06,1.59368e+06,195.532
302.9,6.36994e+06,1.59419e+06,195.396
303,6.36967e+06,1.59469e+06,195.26
303.1,6.36941e+06,1.59519e+06,195.124
303.2,6.36914e+06,1.5957e+06,194.988
303.3,6.36887e+06,1.5962e+06,194.853
303.4,6.36861e+06,1.59671e+06,194.717
303.5,6.36834e+06,1.59721e+06,194.581
303.6,6.36807e+06,1.59771e+06,194.445
303.7,6.36781e+06,1.59822e+06,194.308
303.8,6.36754e+06,1.59872e+06,194.172
303.9,6.36727e+06,1.59923e+06,194.036
304,6.36701e+06,1.59973e+06,193.9
304.1,6.36674e+06,1.60023e+06,193.764
304.2,6.36647e+06,1.60074e+06,193.627
304.3,6.3662e+06,1.60124e+06,193.491
304.4,6.36594e+06,1.60175e+06,193.354
304.5,6.36567e+06,1.60225e+06,193.218
304.6,6.3654e+06,1.60275e+06,193.081
304.7,6.36513e+06,1.60326e+06,192.945
304.8,6.36487e+06,1.60376e+06,192.808
304.9,6.3646e+06,1.60427e+06,192.672
305,6.36433e+06,1.60477e+06,192.535
305.1,6.36406e+06,1.60527e+06,192.398
305.2,6.36379e+06,1.60578e+06,192.261
305.3,6.36353e+06,1.60628e+06,192.125
305.4,6.36326e+06,1.60679e+06,191.988
305.5,6.36299e+06,1.60729e+06,191.851
305.6,6.36272e+06,1.60779e+06,191.714
305.7,6.36245e+06,1.6083e+06,191.577
305.8,6.36218e+06,1.6088e+06,191.44
305.9,6.36191e+06,1.6093e+06,191.303
306,6.36165e+06,1.60981e+06,191.166
306.1,6.36138e+06,1.61031e+06,191.028
306.2,6.36111e+06,1.61081e+06,190.891
306.3,6.36084e+06,1.61132e+06,190.754
306.4,6.36057e+06,1.61182e+06,190.616
306.5,6.3603e+06,1.61232e+06,190.479
306.6,6.36003e+06,1.61283e+06,190.342
306.7,6.35976e+06,1.61333e+06,190.204
306.8,6.35949e+06,1.61384e+06,190.067
306.9,6.35922e+06,1.61434e+06,189.929
307,6.35895e+06,1.61484e+06,189.791
307.1,6.35868e+06,1.61535e+06,189.654
307.2,6.35841e+06,1.61585e+06,189.516
307.3,6.35814e+06,1.61635e+06,189.378
307.4,6.35787e+06,1.61686e+06,189.241
307.5,6.3576e+06,1.61736e+06,189.103
307.6,6.35733e+06,1.61786e+06,188.965
307.7,6.35706e+06,1.61836e+06,188.827
307.8,6.35679e+06,1.61887e+06,188.689
307.9,6.35652e+06,1.61937e+06,188.551
308,6.35625e+06,1.61987e+06,188.413
308.1,6.35598e+06,1.62038e+06,188.275
308.2,6.35571e+06,1.62088e+06,188.137
308.3,6.35544e+06,1.62138e+06,187.998
308.4,6.35517e+06,1.62189e+06,187.86
308.5,6.35489e+06,1.62239e+06,187.722
308.6,6.35462e+06,1.62289e+06,187.583
308.7,6.35435e+06,1.6234e+06,187.445
308.8,6.35408e+06,1.6239e+06,187.307
308.9,6.35381e+06,1.6244e+06,187.168
309,6.35354e+06,1.6249e+06,187.03
309.1,6.35327e+06,1.62541e+06,186.891
309.2,6.35299e+06,1.62591e+06,186.752
309.3,6.35272e+06,1.62641e+06,186.614
309.4,6.35245e+06,1.62692e+06,186.475
309.5,6.35218e+06,1.62742e+06,186.336
309.6,6.35191e+06,1.62792e+06,186.198
309.7,6.35163e+06,1.62842e+06,186.059
309.8,6.35136e+06,1.62893e+06,185.92
309.9,6.35109e+06,1.62943e+06,185.781
310,6.35082e+06,1.62993e+06,185.642
310.1,6.35054e+06,1.63044e+06,185.503
310.2,6.35027e+06,1.63094e+06,185.364
310.3,6.35e+06,1.63144e+06,185.225
310.4,6.34973e+06,1.63194e+06,185.086
310.5,6.34945e+06,1.63245e+06,184.946
310.6,6.34918e+06,1.63295e+06,184.807
310.7,6.34891e+06,1.63345e+06,184.668
310.8,6.34863e+06,1.63395e+06,184.528
310.9,6.34836e+06,1.63446e+06,184.389
311,6.34809e+06,1.63496e+06,184.25
311.1,6.34781e+06,1.63546e+06,184.11
311.2,6.34754e+06,1.63596e+06,183.971
311.3,6.34727e+06,1.63647e+06,183.831
311.4,6.34699e+06,1.63697e+06,183.691
311.5,6.34672e+06,1.63747e+06,183.552
311.6,6.34644e+06,1.63797e+06,183.412
311.7,6.34617e+06,1.63847e+06,183.272
311.8,6.3459e+06,1.63898e+06,183.132
311.9,6.34562e+06,1.63948e+06,182.993
312,6.34535e+06,1.63998e+06,182.853
312.1,6.34507e+06,1.64048e+06,182.713
312.2,6.3448e+06,1.64099e+06,182.573
312.3,6.34452e+06,1.64149e+06,182.433
312.4,6.34425e+06,1.64199e+06,182.293
312.5,6.34398e+06,1.64249e+06,182.152
312.6,6.3437e+06,1.64299e+06,182.012
312.7,6.34343e+06,1.6435e+06,181.872
312.8,6.34315e+06,1.644e+06,181.732
312.9,6.34288e+06,1.6445e+06,181.591
313,6.3426e+06,1.645e+06,181.451
313.1,6.34233e+06,1.6455e+06,181.311
313.2,6.34205e+06,1.64601e+06,181.17
313.3,6.34177e+06,1.64651e+06,181.03
313.4,6.3415e+06,1.64701e+06,180.889
313.5,6.34122e+06,1.64751e+06,180.749
313.6,6.34095e+06,1.64801e+06,180.608
313.7,6.34067e+06,1.64852e+06,180.467
313.8,6.3404e+06,1.64902e+06,180.327
313.9,6.34012e+06,1.64952e+06,180.186
314,6.33984e+06,1.65002e+06,180.045
314.1,6.33957e+06,1.65052e+06,179.904
314.2,6.33929e+06,1.65102e+06,179.763
314.3,6.33902e+06,1.65153e+06,179.622
314.4,6.33874e+06,1.65203e+06,179.481
314.5,6.33846e+06,1.65253e+06,179.34
314.6,6.33819e+06,1.65303e+06,179.199
314.7,6.33791e+06,1.65353e+06,179.058
314.8,6.33763e+06,1.65403e+06,178.917
314.9,6.33736e+06,1.65454e+06,178.776
315,6.33708e+06,1.65504e+06,178.634
315.1,6.3368e+06,1.65554e+06,178.493
315.2,6.33652e+06,1.65604e+06,178.352
315.3,6.33625e+06,1.65654e+06,178.21
315.4,6.33597e+06,1.65704e+06,178.069
315.5,6.33569e+06,1.65754e+06,177.927
315.6,6.33541e+06,1.65805e+06,177.786
315.7,6.33514e+06,1.65855e+06,177.644
315.8,6.33486e+06,1.65905e+06,177.502
315.9,6.33458e+06,1.65955e+06,177.361
316,6.3343e+06,1.66005e+06,177.219
316.1,6.33403e+06,1.66055e+06,177.077
316.2,6.33375e+06,1.66105e+06,176.935
316.3,6.33347e+06,1.66155e+06,176.794
316.4,6.33319e+06,1.66206e+06,176.652
316.5,6.33291e+06,1.66256e+06,176.51
316.6,6.33263e+06,1.66306e+06,176.368
316.7,6.33236e+06,1.66356e+06,176.226
316.8,6.33208e+06,1.66406e+06,176.084
316.9,6.3318e+06,1.66456e+06,175.941
317,6.33152e+06,1.66506e+06,175.799
317.1,6.33124e+06,1.66556e+06,175.657
317.2,6.33096e+06,1.66606e+06,175.515
317.3,6.33068e+06,1.66657e+06,175.372
317.4,6.3304e+06,1.66707e+06,175.23
317.5,6.33012e+06,1.66757e+06,175.088
317.6,6.32985e+06,1.66807e+06,174.945
317.7,6.32957e+06,1.66857e+06,174.803
317.8,6.32929e+06,1.66907e+06,174.66
317.9,6.32901e+06,1.66957e+06,174.517
318,6.32873e+06,1.67007e+06,174.375
318.1,6.32845e+06,1.67057e+06,174.232
318.2,6.32817e+06,1.67107e+06,174.089
318.3,6.32789e+06,1.67157e+06,173.947
318.4,6.32761e+06,1.67207e+06,173.804
318.5,6.32733e+06,1.67258e+06,173.661
318.6,6.32705e+06,1.67308e+06,173.518
318.7,6.32677e+06,1.67358e+06,173.375
318.8,6.32649e+06,1.67408e+06,173.232
318.9,6.32621e+06,1.67458e+06,173.089
319,6.32593e+06,1.67508e+06,172.946
319.1,6.32565e+06,1.67558e+06,172.803
319.2,6.32536e+06,1.67608e+06,172.659
319.3,6.32508e+06,1.67658e+06,172.516
319.4,6.3248e+06,1.67708e+06,172.373
319.5,6.32452e+06,1.67758e+06,172.229
319.6,6.32424e+06,1.67808e+06,172.086
319.7,6.32396e+06,1.67858e+06,171.943
319.8,6.32368e+06,1.67908e+06,171.799
319.9,6.3234e+06,1.67958e+06,171.656
320,6.32312e+06,1.68008e+06,171.512
320.1,6.32283e+06,1.68058e+06,171.368
320.2,6.32255e+06,1.68108e+06,171.225
320.3,6.32227e+06,1.68158e+06,171.081
320.4,6.32199e+06,1.68208e+06,170.937
320.5,6.32171e+06,1.68258e+06,170.794
320.6,6.32142e+06,1.68308e+06,170.65
320.7,6.32114e+06,1.68358e+06,170.506
320.8,6.32086e+06,1.68408e+06,170.362
320.9,6.32058e+06,1.68459e+06,170.218
321,6.3203e+06,1.68509e+06,170.074
321.1,6.32001e+06,1.68559e+06,169.93
321.2,6.31973e+06,1.68609e+06,169.786
321.3,6.31945e+06,1.68659e+06,169.642
321.4,6.31917e+06,1.68709e+06,169.497
321.5,6.31888e+06,1.68759e+06,169.353
321.6,6.3186e+06,1.68809e+06,169.209
321.7,6.31832e+06,1.68859e+06,169.064
321.8,6.31803e+06,1.68909e+06,168.92
321.9,6.31775e+06,1.68958e+06,168.776
322,6.31747e+06,1.69008e+06,168.631
322.1,6.31718e+06,1.69058e+06,168.487
322.2,6.3169e+06,1.69108e+06,168.342
322.3,6.31662e+06,1.69158e+06,168.197
322.4,6.31633e+06,1.69208e+06,168.053
322.5,6.31605e+06,1.69258e+06,167.908
322.6,6.31577e+06,1.69308e+06,167.763
322.7,6.31548e+06,1.69358e+06,167.618
322.8,6.3152e+06,1.69408e+06,167.474
322.9,6.31491e+06,1.69458e+06,167.329
323,6.31463e+06,1.69508e+06,167.184
323.1,6.31435e+06,1.69558e+06,167.039
323.2,6.31406e+06,1.69608e+06,166.894
323.3,6.31378e+06,1.69658e+06,166.749
323.4,6.31349e+06,1.69708e+06,166.603
323.5,6.31321e+06,1.69758e+06,166.458
323.6,6.31292e+06,1.69808e+06,166.313
323.7,6.31264e+06,1.69858e+06,166.168
323.8,6.31235e+06,1.69908e+06,166.022
323.9,6.31207e+06,1.69958e+06,165.877
324,6.31178e+06,1.70008e+06,165.732
324.1,6.3115e+06,1.70058e+06,165.586
324.2,6.31121e+06,1.70108e+06,165.441
324.3,6.31093e+06,1.70157e+06,165.295
324.4,6.31064e+06,1.70207e+06,165.15
324.5,6.31036e+06,1.70257e+06,165.004
324.6,6.31007e+06,1.70307e+06,164.858
324.7,6.30978e+06,1.70357e+06,164.713
324.8,6.3095e+06,1.70407e+06,164.567
324.9,6.30921e+06,1.70457e+06,164.421
325,6.30893e+06,1.70507e+06,164.275
325.1,6.30864e+06,1.70557e+06,164.129
325.2,6.30835e+06,1.70607e+06,163.983
325.3,6.30807e+06,1.70657e+06,163.837
325.4,6.30778e+06,1.70707e+06,163.691
325.5,6.3075e+06,1.70756e+06,163.545
325.6,6.30721e+06,1.70806e+06,163.399
325.7,6.30692e+06,1.70856e+06,163.253
325.8,6.30664e+06,1.70906e+06,163.107
325.9,6.30635e+06,1.70956e+06,162.96
326,6.30606e+06,1.71006e+06,162.814
326.1,6.30578e+06,1.71056e+06,162.668
326.2,6.30549e+06,1.71106e+06,162.521
326.3,6.3052e+06,1.71156e+06,162.375
326.4,6.30491e+06,1.71205e+06,162.228
326.5,6.30463e+06,1.71255e+06,162.082
326.6,6.30434e+06,1.71305e+06,161.935
326.7,6.30405e+06,1.71355e+06,161.788
326.8,6.30376e+06,1.71405e+06,161.642
326.9,6.30348e+06,1.71455e+06,161.495
327,6.30319e+06,1.71505e+06,161.348
327.1,6.3029e+06,1.71555e+06,161.201
327.2,6.30261e+06,1.71604e+06,161.054
327.3,6.30232e+06,1.71654e+06,160.908
327.4,6.30204e+06,1.71704e+06,160.761
327.5,6.30175e+06,1.71754e+06,160.614
327.6,6.30146e+06,1.71804e+06,160.467
327.7,6.30117e+06,1.71854e+06,160.319
327.8,6.30088e+06,1.71904e+06,160.172
327.9,6.30059e+06,1.71953e+06,160.025
328,6.30031e+06,1.72003e+06,159.878
328.1,6.30002e+06,1.72053e+06,159.731
328.2,6.29973e+06,1.72103e+06,159.583
328.3,6.29944e+06,1.72153e+06,159.436
328.4,6.29915e+06,1.72203e+06,159.288
328.5,6.29886e+06,1.72252e+06,159.141
328.6,6.29857e+06,1.72302e+06,158.993
328.7,6.29828e+06,1.72352e+06,158.846
328.8,6.29799e+06,1.72402e+06,158.698
328.9,6.2977e+06,1.72452e+06,158.551
329,6.29741e+06,1.72501e+06,158.403
329.1,6.29712e+06,1.72551e+06,158.255
329.2,6.29683e+06,1.72601e+06,158.107
329.3,6.29655e+06,1.72651e+06,157.959
329.4,6.29626e+06,1.72701e+06,157.812
329.5,6.29597e+06,1.7275e+06,157.664
329.6,6.29567e+06,1.728e+06,157.516
329.7,6.29538e+06,1.7285e+06,157.368
329.8,6.29509e+06,1.729e+06,157.22
329.9,6.2948e+06,1.7295e+06,157.071
330,6.29451e+06,1.72999e+06,156.923
330.1,6.29422e+06,1.73049e+06,156.775
330.2,6.29393e+06,1.73099e+06,156.627
330.3,6.29364e+06,1.73149e+06,156.479
330.4,6.29335e+06,1.73199e+06,156.33
330.5,6.29306e+06,1.73248e+06,156.182
330.6,6.29277e+06,1.73298e+06,156.033
330.7,6.29248e+06,1.73348e+06,155.885
330.8,6.29219e+06,1.73398e+06,155.736
330.9,6.2919e+06,1.73447e+06,155.588
331,6.2916e+06,1.73497e+06,155.439
331.1,6.29131e+06,1.73547e+06,155.29
331.2,6.29102e+06,1.73597e+06,155.142
331.3,6.29073e+06,1.73647e+06,154.993
331.4,6.29044e+06,1.73696e+06,154.844
331.5,6.29015e+06,1.73746e+06,154.695
331.6,6.28985e+06,1.73796e+06,154.546
331.7,6.28956e+06,1.73846e+06,154.398
331.8,6.28927e+06,1.73895e+06,154.249
331.9,6.28898e+06,1.73945e+06,154.099
332,6.28869e+06,1.73995e+06,153.95
332.1,6.28839e+06,1.74044e+06,153.801
332.2,6.2881e+06,1.74094e+06,153.652
332.3,6.28781e+06,1.74144e+06,153.503
332.4,6.28752e+06,1.74194e+06,153.354
332.5,6.28722e+06,1.74243e+06,153.204
332.6,6.28693e+06,1.74293e+06,153.055
332.7,6.28664e+06,1.74343e+06,152.906
332.8,6.28634e+06,1.74393e+06,152.756
332.9,6.28605e+06,1.74442e+06,152.607
333,6.28576e+06,1.74492e+06,152.457
333.1,6.28546e+06,1.74542e+06,152.307
333.2,6.28517e+06,1.74591e+06,152.158
333.3,6.28488e+06,1.74641e+06,152.008
333.4,6.28458e+06,1.74691e+06,151.858
333.5,6.28429e+06,1.74741e+06,151.709
333.6,6.284e+06,1.7479e+06,151.559
333.7,6.2837e+06,1.7484e+06,151.409
333.8,6.28341e+06,1.7489e+06,151.259
333.9,6.28311e+06,1.74939e+06,151.109
334,6.28282e+06,1.74989e+06,150.959
334.1,6.28253e+06,1.75039e+06,150.809
334.2,6.28223e+06,1.75088e+06,150.659
334.3,6.28194e+06,1.75138e+06,150.509
334.4,6.28164e+06,1.75188e+06,150.359
334.5,6.28135e+06,1.75237e+06,150.208
334.6,6.28105e+06,1.75287e+06,150.058
334.7,6.28076e+06,1.75337e+06,149.908
334.8,6.28046e+06,1.75386e+06,149.757
334.9,6.28017e+06,1.75436e+06,149.607
335,6.27987e+06,1.75486e+06,149.456
335.1,6.27958e+06,1.75535e+06,149.306
335.2,6.27928e+06,1.75585e+06,149.155
335.3,6.27899e+06,1.75635e+06,149.005
335.4,6.27869e+06,1.75684e+06,148.854
335.5,6.2784e+06,1.75734e+06,148.703
335.6,6.2781e+06,1.75784e+06,148.553
335.7,6.27781e+06,1.75833e+06,148.402
335.8,6.27751e+06,1.75883e+06,148.251
335.9,6.27722e+06,1.75933e+06,148.1
336,6.27692e+06,1.75982e+06,147.949
336.1,6.27662e+06,1.76032e+06,147.798
336.2,6.27633e+06,1.76082e+06,147.647
336.3,6.27603e+06,1.76131e+06,147.496
336.4,6.27574e+06,1.76181e+06,147.345
336.5,6.27544e+06,1.7623e+06,147.194
336.6,6.27514e+06,1.7628e+06,147.043
336.7,6.27485e+06,1.7633e+06,146.892
336.8,6.27455e+06,1.76379e+06,146.74
336.9,6.27425e+06,1.76429e+06,146.589
337,6.27396e+06,1.76479e+06,146.438
337.1,6.27366e+06,1.76528e+06,146.286
337.2,6.27336e+06,1.76578e+06,146.135
337.3,6.27307e+06,1.76627e+06,145.983
337.4,6.27277e+06,1.76677e+06,145.832
337.5,6.27247e+06,1.76727e+06,145.68
337.6,6.27217e+06,1.76776e+06,145.528
337.7,6.27188e+06,1.76826e+06,145.377
337.8,6.27158e+06,1.76875e+06,145.225
337.9,6.27128e+06,1.76925e+06,145.073
338,6.27098e+06,1.76975e+06,144.921
338.1,6.27069e+06,1.77024e+06,144.769
338.2,6.27039e+06,1.77074e+06,144.617
338.3,6.27009e+06,1.77123e+06,144.465
338.4,6.26979e+06,1.77173e+06,144.313
338.5,6.26949e+06,1.77222e+06,144.161
338.6,6.26919e+06,1.77272e+06,144.009
338.7,6.2689e+06,1.77322e+06,143.857
338.8,6.2686e+06,1.77371e+06,143.705
338.9,6.2683e+06,1.77421e+06,143.552
339,6.268e+06,1.7747e+06,143.4
339.1,6.2677e+06,1.7752e+06,143.248
339.2,6.2674e+06,1.77569e+06,143.095
339.3,6.2671e+06,1.77619e+06,142.943
339.4,6.26681e+06,1.77669e+06,142.79
339.5,6.26651e+06,1.77718e+06,142.638
339.6,6.26621e+06,1.77768e+06,142.485
339.7,6.26591e+06,1.77817e+06,142.333
339.8,6.26561e+06,1.77867e+06,142.18
339.9,6.26531e+06,1.77916e+06,142.027
340,6.26501e+06,1.77966e+06,141.875
340.1,6.26471e+06,1.78015e+06,141.722
340.2,6.26441e+06,1.78065e+06,141.569
340.3,6.26411e+06,1.78114e+06,141.416
340.4,6.26381e+06,1.78164e+06,141.263
340.5,6.26351e+06,1.78213e+06,141.11
340.6,6.26321e+06,1.78263e+06,140.957
340.7,6.26291e+06,1.78313e+06,140.804
340.8,6.26261e+06,1.78362e+06,140.651
340.9,6.26231e+06,1.78412e+06,140.498
341,6.26201e+06,1.78461e+06,140.344
341.1,6.26171e+06,1.78511e+06,140.191
341.2,6.26141e+06,1.7856e+06,140.038
341.3,6.26111e+06,1.7861e+06,139.884
341.4,6.26081e+06,1.78659e+06,139.731
341.5,6.26051e+06,1.78709e+06,139.578
341.6,6.26021e+06,1.78758e+06,139.424
341.7,6.2599e+06,1.78808e+06,139.27
341.8,6.2596e+06,1.78857e+06,139.117
341.9,6.2593e+06,1.78907e+06,138.963
342,6.259e+06,1.78956e+06,138.81
342.1,6.2587e+06,1.79006e+06,138.656
342.2,6.2584e+06,1.79055e+06,138.502
342.3,6.2581e+06,1.79104e+06,138.348
342.4,6.25779e+06,1.79154e+06,138.194
342.5,6.25749e+06,1.79203e+06,138.04
342.6,6.25719e+06,1.79253e+06,137.886
342.7,6.25689e+06,1.79302e+06,137.732
342.8,6.25659e+06,1.79352e+06,137.578
342.9,6.25629e+06,1.79401e+06,137.424
343,6.25598e+06,1.79451e+06,137.27
343.1,6.25568e+06,1.795e+06,137.116
343.2,6.25538e+06,1.7955e+06,136.962
343.3,6.25508e+06,1.79599e+06,136.807
343.4,6.25477e+06,1.79649e+06,136.653
343.5,6.25447e+06,1.79698e+06,136.499
343.6,6.25417e+06,1.79747e+06,136.344
343.7,6.25386e+06,1.79797e+06,136.19
343.8,6.25356e+06,1.79846e+06,136.035
343.9,6.25326e+06,1.79896e+06,135.881
344,6.25296e+06,1.79945e+06,135.726
344.1,6.25265e+06,1.79995e+06,135.571
344.2,6.25235e+06,1.80044e+06,135.417
344.3,6.25205e+06,1.80094e+06,135.262
344.4,6.25174e+06,1.80143e+06,135.107
344.5,6.25144e+06,1.80192e+06,134.952
344.6,6.25114e+06,1.80242e+06,134.797
344.7,6.25083e+06,1.80291e+06,134.642
344.8,6.25053e+06,1.80341e+06,134.487
344.9,6.25022e+06,1.8039e+06,134.332
345,6.24992e+06,1.80439e+06,134.177
345.1,6.24962e+06,1.80489e+06,134.022
345.2,6.24931e+06,1.80538e+06,133.867
345.3,6.24901e+06,1.80588e+06,133.712
345.4,6.2487e+06,1.80637e+06,133.557
345.5,6.2484e+06,1.80686e+06,133.401
345.6,6.24809e+06,1.80736e+06,133.246
345.7,6.24779e+06,1.80785e+06,133.091
345.8,6.24748e+06,1.80835e+06,132.935
345.9,6.24718e+06,1.80884e+06,132.78
346,6.24687e+06,1.80933e+06,132.624
346.1,6.24657e+06,1.80983e+06,132.469
346.2,6.24626e+06,1.81032e+06,132.313
346.3,6.24596e+06,1.81082e+06,132.157
346.4,6.24565e+06,1.81131e+06,132.001
346.5,6.24535e+06,1.8118e+06,131.846
346.6,6.24504e+06,1.8123e+06,131.69
346.7,6.24474e+06,1.81279e+06,131.534
346.8,6.24443e+06,1.81328e+06,131.378
346.9,6.24413e+06,1.81378e+06,131.222
347,6.24382e+06,1.81427e+06,131.066
347.1,6.24351e+06,1.81476e+06,130.91
347.2,6.24321e+06,1.81526e+06,130.754
347.3,6.2429e+06,1.81575e+06,130.598
347.4,6.2426e+06,1.81624e+06,130.442
347.5,6.24229e+06,1.81674e+06,130.286
347.6,6.24198e+06,1.81723e+06,130.129
347.7,6.24168e+06,1.81772e+06,129.973
347.8,6.24137e+06,1.81822e+06,129.817
347.9,6.24106e+06,1.81871e+06,129.66
348,6.24076e+06,1.8192e+06,129.504
348.1,6.24045e+06,1.8197e+06,129.347
348.2,6.24014e+06,1.82019e+06,129.191
348.3,6.23984e+06,1.82068e+06,129.034
348.4,6.23953e+06,1.82118e+06,128.877
348.5,6.23922e+06,1.82167e+06,128.721
348.6,6.23891e+06,1.82216e+06,128.564
348.7,6.23861e+06,1.82266e+06,128.407
348.8,6.2383e+06,1.82315e+06,128.25
348.9,6.23799e+06,1.82364e+06,128.093
349,6.23768e+06,1.82414e+06,127.937
349.1,6.23738e+06,1.82463e+06,127.78
349.2,6.23707e+06,1.82512e+06,127.623
349.3,6.23676e+06,1.82562e+06,127.466
349.4,6.23645e+06,1.82611e+06,127.308
349.5,6.23614e+06,1.8266e+06,127.151
349.6,6.23584e+06,1.82709e+06,126.994
349.7,6.23553e+06,1.82759e+06,126.837
349.8,6.23522e+06,1.82808e+06,126.68
349.9,6.23491e+06,1.82857e+06,126.522
350,6.2346e+06,1.82907e+06,126.365
350.1,6.23429e+06,1.82956e+06,126.207
350.2,6.23399e+06,1.83005e+06,126.05
350.3,6.23368e+06,1.83054e+06,125.892
350.4,6.23337e+06,1.83104e+06,125.735
350.5,6.23306e+06,1.83153e+06,125.577
350.6,6.23275e+06,1.83202e+06,125.42
350.7,6.23244e+06,1.83251e+06,125.262
350.8,6.23213e+06,1.83301e+06,125.104
350.9,6.23182e+06,1.8335e+06,124.946
351,6.23151e+06,1.83399e+06,124.788
351.1,6.2312e+06,1.83448e+06,124.631
351.2,6.23089e+06,1.83498e+06,124.473
351.3,6.23058e+06,1.83547e+06,124.315
351.4,6.23027e+06,1.83596e+06,124.157
351.5,6.22996e+06,1.83645e+06,123.999
351.6,6.22965e+06,1.83695e+06,123.84
351.7,6.22934e+06,1.83744e+06,123.682
351.8,6.22903e+06,1.83793e+06,123.524
351.9,6.22872e+06,1.83842e+06,123.366
352,6.22841e+06,1.83891e+06,123.207
352.1,6.2281e+06,1.83941e+06,123.049
352.2,6.22779e+06,1.8399e+06,122.891
352.3,6.22748e+06,1.84039e+06,122.732
352.4,6.22717e+06,1.84088e+06,122.574
352.5,6.22686e+06,1.84138e+06,122.415
352.6,6.22655e+06,1.84187e+06,122.257
352.7,6.22624e+06,1.84236e+06,122.098
352.8,6.22593e+06,1.84285e+06,121.939
352.9,6.22562e+06,1.84334e+06,121.781
353,6.2253e+06,1.84384e+06,121.622
353.1,6.22499e+06,1.84433e+06,121.463
353.2,6.22468e+06,1.84482e+06,121.304
353.3,6.22437e+06,1.84531e+06,121.145
353.4,6.22406e+06,1.8458e+06,120.986
353.5,6.22375e+06,1.8463e+06,120.827
353.6,6.22343e+06,1.84679e+06,120.668
353.7,6.22312e+06,1.84728e+06,120.509
353.8,6.22281e+06,1.84777e+06,120.35
353.9,6.2225e+06,1.84826e+06,120.191
354,6.22219e+06,1.84875e+06,120.032
354.1,6.22187e+06,1.84925e+06,119.872
354.2,6.22156e+06,1.84974e+06,119.713
354.3,6.22125e+06,1.85023e+06,119.554
354.4,6.22094e+06,1.85072e+06,119.394
354.5,6.22062e+06,1.85121e+06,119.235
354.6,6.22031e+06,1.8517e+06,119.075
354.7,6.22e+06,1.8522e+06,118.916
354.8,6.21969e+06,1.85269e+06,118.756
354.9,6.21937e+06,1.85318e+06,118.596
355,6.21906e+06,1.85367e+06,118.437
355.1,6.21875e+06,1.85416e+06,118.277
355.2,6.21843e+06,1.85465e+06,118.117
355.3,6.21812e+06,1.85514e+06,117.957
355.4,6.21781e+06,1.85563e+06,117.797
355.5,6.21749e+06,1.85613e+06,117.638
355.6,6.21718e+06,1.85662e+06,117.478
355.7,6.21687e+06,1.85711e+06,117.318
355.8,6.21655e+06,1.8576e+06,117.157
355.9,6.21624e+06,1.85809e+06,116.997
356,6.21592e+06,1.85858e+06,116.837
356.1,6.21561e+06,1.85907e+06,116.677
356.2,6.2153e+06,1.85956e+06,116.517
356.3,6.21498e+06,1.86006e+06,116.356
356.4,6.21467e+06,1.86055e+06,116.196
356.5,6.21435e+06,1.86104e+06,116.036
356.6,6.21404e+06,1.86153e+06,115.875
356.7,6.21372e+06,1.86202e+06,115.715
356.8,6.21341e+06,1.86251e+06,115.554
356.9,6.21309e+06,1.863e+06,115.394
357,6.21278e+06,1.86349e+06,115.233
357.1,6.21246e+06,1.86398e+06,115.072
357.2,6.21215e+06,1.86447e+06,114.912
357.3,6.21183e+06,1.86496e+06,114.751
357.4,6.21152e+06,1.86546e+06,114.59
357.5,6.2112e+06,1.86595e+06,114.429
357.6,6.21089e+06,1.86644e+06,114.268
357.7,6.21057e+06,1.86693e+06,114.107
357.8,6.21026e+06,1.86742e+06,113.946
357.9,6.20994e+06,1.86791e+06,113.785
358,6.20962e+06,1.8684e+06,113.624
358.1,6.20931e+06,1.86889e+06,113.463
358.2,6.20899e+06,1.86938e+06,113.302
358.3,6.20868e+06,1.86987e+06,113.141
358.4,6.20836e+06,1.87036e+06,112.98
358.5,6.20804e+06,1.87085e+06,112.818
358.6,6.20773e+06,1.87134e+06,112.657
358.7,6.20741e+06,1.87183e+06,112.495
358.8,6.20709e+06,1.87232e+06,112.334
358.9,6.20678e+06,1.87281e+06,112.173
359,6.20646e+06,1.8733e+06,112.011
359.1,6.20614e+06,1.87379e+06,111.849
359.2,6.20583e+06,1.87428e+06,111.688
359.3,6.20551e+06,1.87478e+06,111.526
359.4,6.20519e+06,1.87527e+06,111.364
359.5,6.20488e+06,1.87576e+06,111.203
359.6,6.20456e+06,1.87625e+06,111.041
359.7,6.20424e+06,1.87674e+06,110.879
359.8,6.20392e+06,1.87723e+06,110.717
359.9,6.20361e+06,1.87772e+06,110.555
360,6.20329e+06,1.87821e+06,110.393
360.1,6.20297e+06,1.8787e+06,110.231
360.2,6.20265e+06,1.87919e+06,110.069
360.3,6.20234e+06,1.87968e+06,109.907
360.4,6.20202e+06,1.88017e+06,109.744
360.5,6.2017e+06,1.88066e+06,109.582
360.6,6.20138e+06,1.88115e+06,109.42
360.7,6.20106e+06,1.88164e+06,109.258
360.8,6.20074e+06,1.88213e+06,109.095
360.9,6.20043e+06,1.88262e+06,108.933
361,6.20011e+06,1.88311e+06,108.77
361.1,6.19979e+06,1.8836e+06,108.608
361.2,6.19947e+06,1.88408e+06,108.445
361.3,6.19915e+06,1.88457e+06,108.283
361.4,6.19883e+06,1.88506e+06,108.12
361.5,6.19851e+06,1.88555e+06,107.957
361.6,6.19819e+06,1.88604e+06,107.795
361.7,6.19788e+06,1.88653e+06,107.632
361.8,6.19756e+06,1.88702e+06,107.469
361.9,6.19724e+06,1.88751e+06,107.306
362,6.19692e+06,1.888e+06,107.143
362.1,6.1966e+06,1.88849e+06,106.98
362.2,6.19628e+06,1.88898e+06,106.817
362.3,6.19596e+06,1.88947e+06,106.654
362.4,6.19564e+06,1.88996e+06,106.491
362.5,6.19532e+06,1.89045e+06,106.328
362.6,6.195e+06,1.89094e+06,106.164
362.7,6.19468e+06,1.89143e+06,106.001
362.8,6.19436e+06,1.89192e+06,105.838
362.9,6.19404e+06,1.89241e+06,105.675
363,6.19372e+06,1.8929e+06,105.511
363.1,6.1934e+06,1.89338e+06,105.348
363.2,6.19308e+06,1.89387e+06,105.184
363.3,6.19276e+06,1.89436e+06,105.021
363.4,6.19244e+06,1.89485e+06,104.857
363.5,6.19211e+06,1.89534e+06,104.693
363.6,6.19179e+06,1.89583e+06,104.53
363.7,6.19147e+06,1.89632e+06,104.366
363.8,6.19115e+06,1.89681e+06,104.202
363.9,6.19083e+06,1.8973e+06,104.038
364,6.19051e+06,1.89779e+06,103.875
364.1,6.19019e+06,1.89828e+06,103.711
364.2,6.18987e+06,1.89876e+06,103.547
364.3,6.18955e+06,1.89925e+06,103.383
364.4,6.18922e+06,1.89974e+06,103.219
364.5,6.1889e+06,1.90023e+06,103.055
364.6,6.18858e+06,1.90072e+06,102.89
364.7,6.18826e+06,1.90121e+06,102.726
364.8,6.18794e+06,1.9017e+06,102.562
364.9,6.18761e+06,1.90219e+06,102.398
365,6.18729e+06,1.90267e+06,102.233
365.1,6.18697e+06,1.90316e+06,102.069
365.2,6.18665e+06,1.90365e+06,101.905
365.3,6.18632e+06,1.90414e+06,101.74
365.4,6.186e+06,1.90463e+06,101.576
365.5,6.18568e+06,1.90512e+06,101.411
365.6,6.18536e+06,1.90561e+06,101.247
365.7,6.18503e+06,1.90609e+06,101.082
365.8,6.18471e+06,1.90658e+06,100.917
365.9,6.18439e+06,1.90707e+06,100.752
366,6.18407e+06,1.90756e+06,100.588
366.1,6.18374e+06,1.90805e+06,100.423
366.2,6.18342e+06,1.90854e+06,100.258
366.3,6.1831e+06,1.90902e+06,100.093
366.4,6.18277e+06,1.90951e+06,99.928
366.5,6.18245e+06,1.91e+06,99.763
366.6,6.18212e+06,1.91049e+06,99.5979
366.7,6.1818e+06,1.91098e+06,99.4328
366.8,6.18148e+06,1.91147e+06,99.2677
366.9,6.18115e+06,1.91195e+06,99.1024
367,6.18083e+06,1.91244e+06,98.9372
367.1,6.18051e+06,1.91293e+06,98.7719
367.2,6.18018e+06,1.91342e+06,98.6065
367.3,6.17986e+06,1.91391e+06,98.4412
367.4,6.17953e+06,1.91439e+06,98.2757
367.5,6.17921e+06,1.91488e+06,98.1102
367.6,6.17888e+06,1.91537e+06,97.9447
367.7,6.17856e+06,1.91586e+06,97.7791
367.8,6.17823e+06,1.91635e+06,97.6135
367.9,6.17791e+06,1.91683e+06,97.4478
368,6.17758e+06,1.91732e+06,97.2821
368.1,6.17726e+06,1.91781e+06,97.1163
368.2,6.17693e+06,1.9183e+06,96.9505
368.3,6.17661e+06,1.91878e+06,96.7847
368.4,6.17628e+06,1.91927e+06,96.6188
368.5,6.17596e+06,1.91976e+06,96.4528
368.6,6.17563e+06,1.92025e+06,96.2868
368.7,6.17531e+06,1.92074e+06,96.1208
368.8,6.17498e+06,1.92122e+06,95.9547
368.9,6.17466e+06,1.92171e+06,95.7886
369,6.17433e+06,1.9222e+06,95.6224
369.1,6.174e+06,1.92269e+06,95.4562
369.2,6.17368e+06,1.92317e+06,95.2899
369.3,6.17335e+06,1.92366e+06,95.1236
369.4,6.17303e+06,1.92415e+06,94.9572
369.5,6.1727e+06,1.92464e+06,94.7908
369.6,6.17237e+06,1.92512e+06,94.6243
369.7,6.17205e+06,1.92561e+06,94.4578
369.8,6.17172e+06,1.9261e+06,94.2913
369.9,6.17139e+06,1.92659e+06,94.1247
370,6.17107e+06,1.92707e+06,93.958
370.1,6.17074e+06,1.92756e+06,93.7913
370.2,6.17041e+06,1.92805e+06,93.6246
370.3,6.17009e+06,1.92853e+06,93.4578
370.4,6.16976e+06,1.92902e+06,93.291
370.5,6.16943e+06,1.92951e+06,93.1241
370.6,6.16911e+06,1.93e+06,92.9572
370.7,6.16878e+06,1.93048e+06,92.7902
370.8,6.16845e+06,1.93097e+06,92.6232
370.9,6.16812e+06,1.93146e+06,92.4561
371,6.1678e+06,1.93194e+06,92.289
371.1,6.16747e+06,1.93243e+06,92.1218
371.2,6.16714e+06,1.93292e+06,91.9546
371.3,6.16681e+06,1.9334e+06,91.7874
371.4,6.16648e+06,1.93389e+06,91.6201
371.5,6.16616e+06,1.93438e+06,91.4527
371.6,6.16583e+06,1.93486e+06,91.2854
371.7,6.1655e+06,1.93535e+06,91.1179
371.8,6.16517e+06,1.93584e+06,90.9504
371.9,6.16484e+06,1.93633e+06,90.7829
372,6.16451e+06,1.93681e+06,90.6153
372.1,6.16419e+06,1.9373e+06,90.4477
372.2,6.16386e+06,1.93779e+06,90.2801
372.3,6.16353e+06,1.93827e+06,90.1123
372.4,6.1632e+06,1.93876e+06,89.9446
372.5,6.16287e+06,1.93924e+06,89.7768
372.6,6.16254e+06,1.93973e+06,89.6089
372.7,6.16221e+06,1.94022e+06,89.441
372.8,6.16188e+06,1.9407e+06,89.2731
372.9,6.16155e+06,1.94119e+06,89.1051
373,6.16122e+06,1.94168e+06,88.937
373.1,6.16089e+06,1.94216e+06,88.769
373.2,6.16056e+06,1.94265e+06,88.6008
373.3,6.16023e+06,1.94314e+06,88.4326
373.4,6.1599e+06,1.94362e+06,88.2644
373.5,6.15958e+06,1.94411e+06,88.0961
373.6,6.15925e+06,1.94459e+06,87.9278
373.7,6.15891e+06,1.94508e+06,87.7595
373.8,6.15858e+06,1.94557e+06,87.5911
373.9,6.15825e+06,1.94605e+06,87.4226
374,6.15792e+06,1.94654e+06,87.2541
374.1,6.15759e+06,1.94703e+06,87.0855
374.2,6.15726e+06,1.94751e+06,86.9169
374.3,6.15693e+06,1.948e+06,86.7483
374.4,6.1566e+06,1.94848e+06,86.5796
374.5,6.15627e+06,1.94897e+06,86.4109
374.6,6.15594e+06,1.94946e+06,86.2421
374.7,6.15561e+06,1.94994e+06,86.0733
374.8,6.15528e+06,1.95043e+06,85.9044
374.9,6.15495e+06,1.95091e+06,85.7355
375,6.15462e+06,1.9514e+06,85.5665
375.1,6.15428e+06,1.95189e+06,85.3975
375.2,6.15395e+06,1.95237e+06,85.2284
375.3,6.15362e+06,1.95286e+06,85.0593
375.4,6.15329e+06,1.95334e+06,84.8902
375.5,6.15296e+06,1.95383e+06,84.721
375.6,6.15263e+06,1.95431e+06,84.5517
375.7,6.15229e+06,1.9548e+06,84.3824
375.8,6.15196e+06,1.95528e+06,84.2131
375.9,6.15163e+06,1.95577e+06,84.0437
376,6.1513e+06,1.95626e+06,83.8743
376.1,6.15097e+06,1.95674e+06,83.7048
376.2,6.15063e+06,1.95723e+06,83.5353
376.3,6.1503e+06,1.95771e+06,83.3657
376.4,6.14997e+06,1.9582e+06,83.1961
376.5,6.14964e+06,1.95868e+06,83.0264
376.6,6.1493e+06,1.95917e+06,82.8567
376.7,6.14897e+06,1.95965e+06,82.6869
376.8,6.14864e+06,1.96014e+06,82.5171
376.9,6.1483e+06,1.96062e+06,82.3473
377,6.14797e+06,1.96111e+06,82.1774
377.1,6.14764e+06,1.9616e+06,82.0074
377.2,6.1473e+06,1.96208e+06,81.8374
377.3,6.14697e+06,1.96257e+06,81.6674
377.4,6.14664e+06,1.96305e+06,81.4973
377.5,6.1463e+06,1.96354e+06,81.3272
377.6,6.14597e+06,1.96402e+06,81.157
377.7,6.14564e+06,1.96451e+06,80.9868
377.8,6.1453e+06,1.96499e+06,80.8165
377.9,6.14497e+06,1.96548e+06,80.6462
378,6.14463e+06,1.96596e+06,80.4758
378.1,6.1443e+06,1.96645e+06,80.3054
378.2,6.14397e+06,1.96693e+06,80.135
378.3,6.14363e+06,1.96742e+06,79.9645
378.4,6.1433e+06,1.9679e+06,79.7939
378.5,6.14296e+06,1.96839e+06,79.6233
378.6,6.14263e+06,1.96887e+06,79.4527
378.7,6.14229e+06,1.96935e+06,79.282
378.8,6.14196e+06,1.96984e+06,79.1112
378.9,6.14162e+06,1.97032e+06,78.9405
379,6.14129e+06,1.97081e+06,78.7696
379.1,6.14095e+06,1.97129e+06,78.5988
379.2,6.14062e+06,1.97178e+06,78.4278
379.3,6.14028e+06,1.97226e+06,78.2569
379.4,6.13995e+06,1.97275e+06,78.0858
379.5,6.13961e+06,1.97323e+06,77.9148
379.6,6.13928e+06,1.97372e+06,77.7437
379.7,6.13894e+06,1.9742e+06,77.5725
379.8,6.13861e+06,1.97469e+06,77.4013
379.9,6.13827e+06,1.97517e+06,77.2301
380,6.13794e+06,1.97565e+06,77.0588
380.1,6.1376e+06,1.97614e+06,76.8874
380.2,6.13726e+06,1.97662e+06,76.7161
380.3,6.13693e+06,1.97711e+06,76.5446
380.4,6.13659e+06,1.97759e+06,76.3731
380.5,6.13626e+06,1.97808e+06,76.2016
380.6,6.13592e+06,1.97856e+06,76.03
380.7,6.13558e+06,1.97904e+06,75.8584
380.8,6.13525e+06,1.97953e+06,75.6868
380.9,6.13491e+06,1.98001e+06,75.515
381,6.13457e+06,1.9805e+06,75.3433
381.1,6.13424e+06,1.98098e+06,75.1715
381.2,6.1339e+06,1.98146e+06,74.9996
381.3,6.13356e+06,1.98195e+06,74.8277
381.4,6.13322e+06,1.98243e+06,74.6558
381.5,6.13289e+06,1.98292e+06,74.4838
381.6,6.13255e+06,1.9834e+06,74.3117
381.7,6.13221e+06,1.98388e+06,74.1397
381.8,6.13187e+06,1.98437e+06,73.9675
381.9,6.13154e+06,1.98485e+06,73.7953
382,6.1312e+06,1.98534e+06,73.6231
382.1,6.13086e+06,1.98582e+06,73.4509
382.2,6.13052e+06,1.9863e+06,73.2785
382.3,6.13019e+06,1.98679e+06,73.1062
382.4,6.12985e+06,1.98727e+06,72.9338
382.5,6.12951e+06,1.98775e+06,72.7613
382.6,6.12917e+06,1.98824e+06,72.5888
382.7,6.12883e+06,1.98872e+06,72.4162
382.8,6.1285e+06,1.9892e+06,72.2436
382.9,6.12816e+06,1.98969e+06,72.071
383,6.12782e+06,1.99017e+06,71.8983
383.1,6.12748e+06,1.99066e+06,71.7256
383.2,6.12714e+06,1.99114e+06,71.5528
383.3,6.1268e+06,1.99162e+06,71.38
383.4,6.12646e+06,1.99211e+06,71.2071
383.5,6.12612e+06,1.99259e+06,71.0342
383.6,6.12578e+06,1.99307e+06,70.8612
383.7,6.12545e+06,1.99356e+06,70.6882
383.8,6.12511e+06,1.99404e+06,70.5151
383.9,6.12477e+06,1.99452e+06,70.342
384,6.12443e+06,1.99501e+06,70.1688
384.1,6.12409e+06,1.99549e+06,69.9956
384.2,6.12375e+06,1.99597e+06,69.8224
384.3,6.12341e+06,1.99645e+06,69.6491
384.4,6.12307e+06,1.99694e+06,69.4757
384.5,6.12273e+06,1.99742e+06,69.3024
384.6,6.12239e+06,1.9979e+06,69.1289
384.7,6.12205e+06,1.99839e+06,68.9554
384.8,6.12171e+06,1.99887e+06,68.7819
384.9,6.12137e+06,1.99935e+06,68.6083
385,6.12103e+06,1.99984e+06,68.4347
385.1,6.12069e+06,2.00032e+06,68.261
385.2,6.12035e+06,2.0008e+06,68.0873
385.3,6.12001e+06,2.00128e+06,67.9136
385.4,6.11966e+06,2.00177e+06,67.7398
385.5,6.11932e+06,2.00225e+06,67.5659
385.6,6.11898e+06,2.00273e+06,67.392
385.7,6.11864e+06,2.00321e+06,67.218
385.8,6.1183e+06,2.0037e+06,67.0441
385.9,6.11796e+06,2.00418e+06,66.87
386,6.11762e+06,2.00466e+06,66.6959
386.1,6.11728e+06,2.00515e+06,66.5218
386.2,6.11694e+06,2.00563e+06,66.3476
386.3,6.11659e+06,2.00611e+06,66.1734
386.4,6.11625e+06,2.00659e+06,65.9991
386.5,6.11591e+06,2.00708e+06,65.8248
386.6,6.11557e+06,2.00756e+06,65.6504
386.7,6.11523e+06,2.00804e+06,65.476
386.8,6.11488e+06,2.00852e+06,65.3015
386.9,6.11454e+06,2.009e+06,65.127
387,6.1142e+06,2.00949e+06,64.9525
387.1,6.11386e+06,2.00997e+06,64.7779
387.2,6.11352e+06,2.01045e+06,64.6032
387.3,6.11317e+06,2.01093e+06,64.4285
387.4,6.11283e+06,2.01142e+06,64.2538
387.5,6.11249e+06,2.0119e+06,64.079
387.6,6.11215e+06,2.01238e+06,63.9042
387.7,6.1118e+06,2.01286e+06,63.7293
387.8,6.11146e+06,2.01334e+06,63.5544
387.9,6.11112e+06,2.01383e+06,63.3794
388,6.11077e+06,2.01431e+06,63.2044
388.1,6.11043e+06,2.01479e+06,63.0293
388.2,6.11009e+06,2.01527e+06,62.8542
388.3,6.10974e+06,2.01575e+06,62.679
388.4,6.1094e+06,2.01624e+06,62.5038
388.5,6.10906e+06,2.01672e+06,62.3286
388.6,6.10871e+06,2.0172e+06,62.1533
388.7,6.10837e+06,2.01768e+06,61.9779
388.8,6.10802e+06,2.01816e+06,61.8025
388.9,6.10768e+06,2.01865e+06,61.6271
389,6.10734e+06,2.01913e+06,61.4516
389.1,6.10699e+06,2.01961e+06,61.2761
389.2,6.10665e+06,2.02009e+06,61.1005
389.3,6.1063e+06,2.02057e+06,60.9248
389.4,6.10596e+06,2.02105e+06,60.7492
389.5,6.10561e+06,2.02153e+06,60.5734
389.6,6.10527e+06,2.02202e+06,60.3977
389.7,6.10493e+06,2.0225e+06,60.2219
389.8,6.10458e+06,2.02298e+06,60.046
389.9,6.10424e+06,2.02346e+06,59.8701
390,6.10389e+06,2.02394e+06,59.6941
390.1,6.10355e+06,2.02442e+06,59.5181
390.2,6.1032e+06,2.0249e+06,59.3421
390.3,6.10286e+06,2.02539e+06,59.166
390.4,6.10251e+06,2.02587e+06,58.9899
390.5,6.10216e+06,2.02635e+06,58.8137
390.6,6.10182e+06,2.02683e+06,58.6374
390.7,6.10147e+06,2.02731e+06,58.4612
390.8,6.10113e+06,2.02779e+06,58.2848
390.9,6.10078e+06,2.02827e+06,58.1085
391,6.10044e+06,2.02875e+06,57.932
391.1,6.10009e+06,2.02924e+06,57.7556
391.2,6.09974e+06,2.02972e+06,57.5791
391.3,6.0994e+06,2.0302e+06,57.4025
391.4,6.09905e+06,2.03068e+06,57.2259
391.5,6.09871e+06,2.03116e+06,57.0492
391.6,6.09836e+06,2.03164e+06,56.8725
391.7,6.09801e+06,2.03212e+06,56.6958
391.8,6.09767e+06,2.0326e+06,56.519
391.9,6.09732e+06,2.03308e+06,56.3422
392,6.09697e+06,2.03356e+06,56.1653
392.1,6.09663e+06,2.03404e+06,55.9883
392.2,6.09628e+06,2.03453e+06,55.8113
392.3,6.09593e+06,2.03501e+06,55.6343
392.4,6.09558e+06,2.03549e+06,55.4572
392.5,6.09524e+06,2.03597e+06,55.2801
392.6,6.09489e+06,2.03645e+06,55.103
392.7,6.09454e+06,2.03693e+06,54.9257
392.8,6.09419e+06,2.03741e+06,54.7485
392.9,6.09385e+06,2.03789e+06,54.5712
393,6.0935e+06,2.03837e+06,54.3938
393.1,6.09315e+06,2.03885e+06,54.2164
393.2,6.0928e+06,2.03933e+06,54.039
393.3,6.09246e+06,2.03981e+06,53.8615
393.4,6.09211e+06,2.04029e+06,53.6839
393.5,6.09176e+06,2.04077e+06,53.5064
393.6,6.09141e+06,2.04125e+06,53.3287
393.7,6.09106e+06,2.04173e+06,53.151
393.8,6.09071e+06,2.04221e+06,52.9733
393.9,6.09037e+06,2.04269e+06,52.7955
394,6.09002e+06,2.04317e+06,52.6177
394.1,6.08967e+06,2.04365e+06,52.4398
394.2,6.08932e+06,2.04413e+06,52.2619
394.3,6.08897e+06,2.04461e+06,52.084
394.4,6.08862e+06,2.04509e+06,51.906
394.5,6.08827e+06,2.04557e+06,51.7279
394.6,6.08792e+06,2.04605e+06,51.5498
394.7,6.08757e+06,2.04653e+06,51.3717
394.8,6.08722e+06,2.04701e+06,51.1935
394.9,6.08688e+06,2.04749e+06,51.0152
395,6.08653e+06,2.04797e+06,50.8369
395.1,6.08618e+06,2.04845e+06,50.6586
395.2,6.08583e+06,2.04893e+06,50.4802
395.3,6.08548e+06,2.04941e+06,50.3018
395.4,6.08513e+06,2.04989e+06,50.1233
395.5,6.08478e+06,2.05037e+06,49.9448
395.6,6.08443e+06,2.05085e+06,49.7662
395.7,6.08408e+06,2.05133e+06,49.5876
395.8,6.08373e+06,2.05181e+06,49.4089
395.9,6.08338e+06,2.05229e+06,49.2302
396,6.08303e+06,2.05277e+06,49.0515
396.1,6.08267e+06,2.05325e+06,48.8727
396.2,6.08232e+06,2.05373e+06,48.6938
396.3,6.08197e+06,2.05421e+06,48.5149
396.4,6.08162e+06,2.05469e+06,48.336
396.5,6.08127e+06,2.05517e+06,48.157
396.6,6.08092e+06,2.05565e+06,47.978
396.7,6.08057e+06,2.05613e+06,47.7989
396.8,6.08022e+06,2.05661e+06,47.6197
396.9,6.07987e+06,2.05708e+06,47.4406
397,6.07952e+06,2.05756e+06,47.2614
397.1,6.07916e+06,2.05804e+06,47.0821
397.2,6.07881e+06,2.05852e+06,46.9028
397.3,6.07846e+06,2.059e+06,46.7234
397.4,6.07811e+06,2.05948e+06,46.544
397.5,6.07776e+06,2.05996e+06,46.3645
397.6,6.07741e+06,2.06044e+06,46.185
397.7,6.07705e+06,2.06092e+06,46.0055
397.8,6.0767e+06,2.0614e+06,45.8259
397.9,6.07635e+06,2.06188e+06,45.6462
398,6.076e+06,2.06235e+06,45.4665
398.1,6.07564e+06,2.06283e+06,45.2868
398.2,6.07529e+06,2.06331e+06,45.107
398.3,6.07494e+06,2.06379e+06,44.9272
398.4,6.07459e+06,2.06427e+06,44.7473
398.5,6.07423e+06,2.06475e+06,44.5674
398.6,6.07388e+06,2.06523e+06,44.3874
398.7,6.07353e+06,2.06571e+06,44.2074
398.8,6.07318e+06,2.06618e+06,44.0273
398.9,6.07282e+06,2.06666e+06,43.8472
399,6.07247e+06,2.06714e+06,43.6671
399.1,6.07212e+06,2.06762e+06,43.4869
399.2,6.07176e+06,2.0681e+06,43.3066
399.3,6.07141e+06,2.06858e+06,43.1263
399.4,6.07105e+06,2.06906e+06,42.946
399.5,6.0707e+06,2.06953e+06,42.7656
399.6,6.07035e+06,2.07001e+06,42.5851
399.7,6.06999e+06,2.07049e+06,42.4047
399.8,6.06964e+06,2.07097e+06,42.2241
399.9,6.06929e+06,2.07145e+06,42.0435
400,6.06893e+06,2.07193e+06,41.8629
400.1,6.06858e+06,2.07241e+06,41.6822
400.2,6.06822e+06,2.07288e+06,41.5015
400.3,6.06787e+06,2.07336e+06,41.3208
400.4,6.06751e+06,2.07384e+06,41.1399
400.5,6.06716e+06,2.07432e+06,40.9591
400.6,6.0668e+06,2.0748e+06,40.7782
400.7,6.06645e+06,2.07527e+06,40.5972
400.8,6.0661e+06,2.07575e+06,40.4162
400.9,6.06574e+06,2.07623e+06,40.2352
401,6.06539e+06,2.07671e+06,40.0541
401.1,6.06503e+06,2.07719e+06,39.8729
401.2,6.06467e+06,2.07766e+06,39.6918
401.3,6.06432e+06,2.07814e+06,39.5105
401.4,6.06396e+06,2.07862e+06,39.3292
401.5,6.06361e+06,2.0791e+06,39.1479
401.6,6.06325e+06,2.07958e+06,38.9665
401.7,6.0629e+06,2.08005e+06,38.7851
401.8,6.06254e+06,2.08053e+06,38.6037
401.9,6.06219e+06,2.08101e+06,38.4221
402,6.06183e+06,2.08149e+06,38.2406
402.1,6.06147e+06,2.08196e+06,38.059
402.2,6.06112e+06,2.08244e+06,37.8773
402.3,6.06076e+06,2.08292e+06,37.6956
402.4,6.0604e+06,2.0834e+06,37.5139
402.5,6.06005e+06,2.08387e+06,37.3321
402.6,6.05969e+06,2.08435e+06,37.1502
402.7,6.05934e+06,2.08483e+06,36.9683
402.8,6.05898e+06,2.08531e+06,36.7864
402.9,6.05862e+06,2.08578e+06,36.6044
403,6.05826e+06,2.08626e+06,36.4224
403.1,6.05791e+06,2.08674e+06,36.2403
403.2,6.05755e+06,2.08722e+06,36.0582
403.3,6.05719e+06,2.08769e+06,35.876
403.4,6.05684e+06,2.08817e+06,35.6938
403.5,6.05648e+06,2.08865e+06,35.5115
403.6,6.05612e+06,2.08913e+06,35.3292
403.7,6.05576e+06,2.0896e+06,35.1469
403.8,6.05541e+06,2.09008e+06,34.9645
403.9,6.05505e+06,2.09056e+06,34.782
404,6.05469e+06,2.09103e+06,34.5995
404.1,6.05433e+06,2.09151e+06,34.417
404.2,6.05398e+06,2.09199e+06,34.2344
404.3,6.05362e+06,2.09246e+06,34.0517
404.4,6.05326e+06,2.09294e+06,33.8691
404.5,6.0529e+06,2.09342e+06,33.6863
404.6,6.05254e+06,2.0939e+06,33.5035
404.7,6.05218e+06,2.09437e+06,33.3207
404.8,6.05183e+06,2.09485e+06,33.1378
404.9,6.05147e+06,2.09533e+06,32.9549
405,6.05111e+06,2.0958e+06,32.772
405.1,6.05075e+06,2.09628e+06,32.5889
405.2,6.05039e+06,2.09676e+06,32.4059
405.3,6.05003e+06,2.09723e+06,32.2228
405.4,6.04967e+06,2.09771e+06,32.0396
405.5,6.04931e+06,2.09819e+06,31.8564
405.6,6.04895e+06,2.09866e+06,31.6732
405.7,6.04859e+06,2.09914e+06,31.4899
405.8,6.04823e+06,2.09962e+06,31.3065
405.9,6.04788e+06,2.10009e+06,31.1232
406,6.04752e+06,2.10057e+06,30.9397
406.1,6.04716e+06,2.10104e+06,30.7562
406.2,6.0468e+06,2.10152e+06,30.5727
406.3,6.04644e+06,2.102e+06,30.3891
406.4,6.04608e+06,2.10247e+06,30.2055
406.5,6.04572e+06,2.10295e+06,30.0218
406.6,6.04536e+06,2.10343e+06,29.8381
406.7,6.045e+06,2.1039e+06,29.6544
406.8,6.04464e+06,2.10438e+06,29.4706
406.9,6.04427e+06,2.10485e+06,29.2867
407,6.04391e+06,2.10533e+06,29.1028
407.1,6.04355e+06,2.10581e+06,28.9188
407.2,6.04319e+06,2.10628e+06,28.7349
407.3,6.04283e+06,2.10676e+06,28.5508
407.4,6.04247e+06,2.10723e+06,28.3667
407.5,6.04211e+06,2.10771e+06,28.1826
407.6,6.04175e+06,2.10819e+06,27.9984
407.7,6.04139e+06,2.10866e+06,27.8142
407.8,6.04103e+06,2.10914e+06,27.6299
407.9,6.04067e+06,2.10961e+06,27.4456
408,6.0403e+06,2.11009e+06,27.2612
408.1,6.03994e+06,2.11057e+06,27.0768
408.2,6.03958e+06,2.11104e+06,26.8923
408.3,6.03922e+06,2.11152e+06,26.7078
408.4,6.03886e+06,2.11199e+06,26.5232
408.5,6.03849e+06,2.11247e+06,26.3386
408.6,6.03813e+06,2.11294e+06,26.154
408.7,6.03777e+06,2.11342e+06,25.9693
408.8,6.03741e+06,2.11389e+06,25.7845
408.9,6.03705e+06,2.11437e+06,25.5997
409,6.03668e+06,2.11485e+06,25.4149
409.1,6.03632e+06,2.11532e+06,25.23
409.2,6.03596e+06,2.1158e+06,25.0451
409.3,6.0356e+06,2.11627e+06,24.8601
409.4,6.03523e+06,2.11675e+06,24.6751
409.5,6.03487e+06,2.11722e+06,24.49
409.6,6.03451e+06,2.1177e+06,24.3049
409.7,6.03414e+06,2.11817e+06,24.1197
409.8,6.03378e+06,2.11865e+06,23.9345
409.9,6.03342e+06,2.11912e+06,23.7492
410,6.03305e+06,2.1196e+06,23.5639
410.1,6.03269e+06,2.12007e+06,23.3785
410.2,6.03233e+06,2.12055e+06,23.1931
410.3,6.03196e+06,2.12102e+06,23.0077
410.4,6.0316e+06,2.1215e+06,22.8222
410.5,6.03124e+06,2.12197e+06,22.6366
410.6,6.03087e+06,2.12245e+06,22.4511
410.7,6.03051e+06,2.12292e+06,22.2654
410.8,6.03014e+06,2.1234e+06,22.0797
410.9,6.02978e+06,2.12387e+06,21.894
411,6.02942e+06,2.12435e+06,21.7082
411.1,6.02905e+06,2.12482e+06,21.5224
411.2,6.02869e+06,2.1253e+06,21.3365
411.3,6.02832e+06,2.12577e+06,21.1506
411.4,6.02796e+06,2.12625e+06,20.9646
411.5,6.02759e+06,2.12672e+06,20.7786
411.6,6.02723e+06,2.1272e+06,20.5926
411.7,6.02686e+06,2.12767e+06,20.4065
411.8,6.0265e+06,2.12815e+06,20.2203
411.9,6.02613e+06,2.12862e+06,20.0341
412,6.02577e+06,2.12909e+06,19.8479
412.1,6.0254e+06,2.12957e+06,19.6616
412.2,6.02504e+06,2.13004e+06,19.4752
412.3,6.02467e+06,2.13052e+06,19.2888
412.4,6.02431e+06,2.13099e+06,19.1024
412.5,6.02394e+06,2.13147e+06,18.9159
412.6,6.02358e+06,2.13194e+06,18.7294
412.7,6.02321e+06,2.13241e+06,18.5428
412.8,6.02284e+06,2.13289e+06,18.3562
412.9,6.02248e+06,2.13336e+06,18.1695
413,6.02211e+06,2.13384e+06,17.9828
413.1,6.02175e+06,2.13431e+06,17.796
413.2,6.02138e+06,2.13479e+06,17.6092
413.3,6.02101e+06,2.13526e+06,17.4224
413.4,6.02065e+06,2.13573e+06,17.2355
413.5,6.02028e+06,2.13621e+06,17.0485
413.6,6.01991e+06,2.13668e+06,16.8615
413.7,6.01955e+06,2.13716e+06,16.6745
413.8,6.01918e+06,2.13763e+06,16.4874
413.9,6.01881e+06,2.1381e+06,16.3002
414,6.01845e+06,2.13858e+06,16.113
414.1,6.01808e+06,2.13905e+06,15.9258
414.2,6.01771e+06,2.13952e+06,15.7385
414.3,6.01735e+06,2.14e+06,15.5512
414.4,6.01698e+06,2.14047e+06,15.3638
414.5,6.01661e+06,2.14095e+06,15.1764
414.6,6.01624e+06,2.14142e+06,14.9889
414.7,6.01588e+06,2.14189e+06,14.8014
414.8,6.01551e+06,2.14237e+06,14.6139
414.9,6.01514e+06,2.14284e+06,14.4262
415,6.01477e+06,2.14331e+06,14.2386
415.1,6.0144e+06,2.14379e+06,14.0509
415.2,6.01404e+06,2.14426e+06,13.8631
415.3,6.01367e+06,2.14473e+06,13.6753
415.4,6.0133e+06,2.14521e+06,13.4875
415.5,6.01293e+06,2.14568e+06,13.2996
415.6,6.01256e+06,2.14615e+06,13.1117
415.7,6.01219e+06,2.14663e+06,12.9237
415.8,6.01183e+06,2.1471e+06,12.7356
415.9,6.01146e+06,2.14757e+06,12.5476
416,6.01109e+06,2.14805e+06,12.3594
416.1,6.01072e+06,2.14852e+06,12.1713
416.2,6.01035e+06,2.14899e+06,11.983
416.3,6.00998e+06,2.14947e+06,11.7948
416.4,6.00961e+06,2.14994e+06,11.6065
416.5,6.00924e+06,2.15041e+06,11.4181
416.6,6.00887e+06,2.15089e+06,11.2297
416.7,6.0085e+06,2.15136e+06,11.0412
416.8,6.00813e+06,2.15183e+06,10.8527
416.9,6.00776e+06,2.1523e+06,10.6642
417,6.00739e+06,2.15278e+06,10.4756
417.1,6.00702e+06,2.15325e+06,10.2869
417.2,6.00665e+06,2.15372e+06,10.0983
417.3,6.00628e+06,2.1542e+06,9.90952
417.4,6.00591e+06,2.15467e+06,9.72074
417.5,6.00554e+06,2.15514e+06,9.5319
417.6,6.00517e+06,2.15561e+06,9.34303
417.7,6.0048e+06,2.15609e+06,9.1541
417.8,6.00443e+06,2.15656e+06,8.96513
417.9,6.00406e+06,2.15703e+06,8.77611
418,6.00369e+06,2.1575e+06,8.58704
418.1,6.00332e+06,2.15798e+06,8.39793
418.2,6.00295e+06,2.15845e+06,8.20877
418.3,6.00258e+06,2.15892e+06,8.01956
418.4,6.00221e+06,2.15939e+06,7.83031
418.5,6.00184e+06,2.15987e+06,7.64101
418.6,6.00147e+06,2.16034e+06,7.45166
418.7,6.00109e+06,2.16081e+06,7.26227
418.8,6.00072e+06,2.16128e+06,7.07282
418.9,6.00035e+06,2.16175e+06,6.88333
419,5.99998e+06,2.16223e+06,6.6938
419.1,5.99961e+06,2.1627e+06,6.50422
419.2,5.99924e+06,2.16317e+06,6.31459
419.3,5.99886e+06,2.16364e+06,6.12491
419.4,5.99849e+06,2.16412e+06,5.93518
419.5,5.99812e+06,2.16459e+06,5.74541
419.6,5.99775e+06,2.16506e+06,5.55559
419.7,5.99738e+06,2.16553e+06,5.36573
419.8,5.997e+06,2.166e+06,5.17582
419.9,5.99663e+06,2.16647e+06,4.98586
420,5.99626e+06,2.16695e+06,4.79585
420.1,5.99589e+06,2.16742e+06,4.6058
420.2,5.99551e+06,2.16789e+06,4.4157
420.3,5.99514e+06,2.16836e+06,4.22555
420.4,5.99477e+06,2.16883e+06,4.03536
420.5,5.99439e+06,2.16931e+06,3.84511
420.6,5.99402e+06,2.16978e+06,3.65483
420.7,5.99365e+06,2.17025e+06,3.46449
420.8,5.99327e+06,2.17072e+06,3.27411
420.9,5.9929e+06,2.17119e+06,3.08368
421,5.99253e+06,2.17166e+06,2.8932
421.1,5.99215e+06,2.17213e+06,2.70268
421.2,5.99178e+06,2.17261e+06,2.51211
421.3,5.99141e+06,2.17308e+06,2.32149
421.4,5.99103e+06,2.17355e+06,2.13082
421.5,5.99066e+06,2.17402e+06,1.94011
421.6,5.99029e+06,2.17449e+06,1.74935
421.7,5.98991e+06,2.17496e+06,1.55855
421.8,5.98954e+06,2.17543e+06,1.36769
421.9,5.98916e+06,2.17591e+06,1.17679
422,5.98879e+06,2.17638e+06,0.985846
422.1,5.98841e+06,2.17685e+06,0.794852
422.2,5.98804e+06,2.17732e+06,0.603811
422.3,5.98766e+06,2.17779e+06,0.412722
422.4,5.98729e+06,2.17826e+06,0.221587
422.5,5.98692e+06,2.17873e+06,0.0304044
